unit_number,time_in_cycles,actual_RUL,predicted_RUL,error,sensor_14_roc,sensor_2_roc,risk_level
1,1,191,124.95529,-66.04470825195312,0.0,0.0,Low
1,2,190,120.263405,-69.7365951538086,-7.130000000000109,0.32999999999992724,Low
1,3,189,120.51981,-68.48018646240234,1.7399999999997817,0.20000000000004547,Low
1,4,188,124.13994,-63.86006164550781,0.6000000000003638,0.0,Low
1,5,187,121.32772,-65.67227935791016,-0.02999999999974534,0.01999999999998181,Low
1,6,186,123.44579,-62.55420684814453,-0.9499999999998181,-0.2699999999999818,Low
1,7,185,123.22268,-61.777320861816406,-0.5300000000006548,0.37999999999999545,Low
1,8,184,119.28756,-64.71244049072266,-1.25,0.07999999999992724,Low
1,9,183,122.878456,-60.121543884277344,-5.380000000000109,-0.4399999999999409,Low
1,10,182,122.15874,-59.84126281738281,3.6900000000005093,-0.40999999999996817,Low
1,11,181,121.071106,-59.92889404296875,11.199999999999818,0.5699999999999363,Low
1,12,180,121.86875,-58.131248474121094,-6.329999999999927,-0.22000000000002728,Low
1,13,179,121.89549,-57.10450744628906,-6.149999999999636,1.0100000000001046,Low
1,14,178,118.0528,-59.94719696044922,6.329999999999927,-0.7200000000000273,Low
1,15,177,121.948616,-55.05138397216797,-6.869999999999891,0.07999999999992724,Low
1,16,176,122.06964,-53.93035888671875,8.549999999999272,-0.2999999999999545,Low
1,17,175,119.57607,-55.423927307128906,1.160000000000764,0.4500000000000455,Low
1,18,174,119.310135,-54.68986511230469,-4.540000000000873,0.03999999999996362,Low
1,19,173,118.74757,-54.25243377685547,-3.5999999999994543,-0.8300000000000409,Low
1,20,172,118.63714,-53.36286163330078,0.5799999999999272,1.25,Low
1,21,171,119.88049,-51.1195068359375,4.3100000000004,-0.6699999999999591,Low
1,22,170,120.06106,-49.938941955566406,-3.610000000000582,0.39999999999997726,Low
1,23,169,123.55003,-45.44996643066406,-2.5100000000002183,-0.6299999999999955,Low
1,24,168,121.883194,-46.11680603027344,5.980000000000473,0.2400000000000091,Low
1,25,167,120.24053,-46.75946807861328,2.7299999999995634,0.38999999999998636,Low
1,26,166,117.350555,-48.649444580078125,-5.460000000000036,-0.6100000000000136,Low
1,27,165,119.724434,-45.27556610107422,3.4500000000007276,0.2800000000000864,Low
1,28,164,120.14376,-43.856239318847656,-7.300000000000182,-0.09000000000003183,Low
1,29,163,120.79103,-42.20896911621094,5.760000000000218,-0.44000000000005457,Low
1,30,162,121.342834,-40.65716552734375,4.799999999999272,0.2900000000000773,Low
1,31,161,120.557465,-40.442535400390625,-12.579999999999927,-0.18000000000006366,Low
1,32,160,121.10456,-38.89543914794922,4.420000000000073,0.3100000000000591,Low
1,33,159,122.04227,-36.957733154296875,4.720000000000255,0.37999999999999545,Low
1,34,158,120.49926,-37.50074005126953,-7.8100000000004,-0.17000000000007276,Low
1,35,157,115.565636,-41.434364318847656,13.5600000000004,-0.09999999999990905,Low
1,36,156,120.85398,-35.146018981933594,-7.690000000000509,0.09999999999990905,Low
1,37,155,120.639206,-34.36079406738281,-0.5299999999997453,-0.5499999999999545,Low
1,38,154,123.84265,-30.1573486328125,4.6599999999998545,-0.06000000000005912,Low
1,39,153,122.53396,-30.466041564941406,-4.799999999999272,0.08000000000004093,Low
1,40,152,124.95177,-27.048233032226562,-0.7800000000006548,0.2300000000000182,Low
1,41,151,124.99688,-26.00312042236328,7.050000000000182,0.15999999999996817,Low
1,42,150,123.37979,-26.620208740234375,-7.199999999999818,-0.2799999999999727,Low
1,43,149,125.791954,-23.208045959472656,-3.6599999999998545,0.12000000000000455,Low
1,44,148,122.5069,-25.49310302734375,4.229999999999563,-0.3100000000000591,Low
1,45,147,120.23174,-26.76825714111328,-3.139999999999418,0.6000000000000227,Low
1,46,146,117.867645,-28.132354736328125,0.3999999999996362,-0.10000000000002274,Low
1,47,145,119.36352,-25.63648223876953,-2.5,-0.2199999999999136,Low
1,48,144,117.04896,-26.95104217529297,3.7799999999997453,-0.32000000000005,Low
1,49,143,118.06596,-24.934036254882812,5.489999999999782,0.34000000000003183,Low
1,50,142,114.504616,-27.495384216308594,-8.179999999999382,0.5399999999999636,Low
1,51,141,114.89481,-26.105186462402344,7.059999999999491,0.03999999999996362,Low
1,52,140,120.421616,-19.578384399414062,-1.5399999999999636,-0.049999999999954525,Low
1,53,139,121.03379,-17.966209411621094,1.5600000000004002,-0.14999999999997726,Low
1,54,138,120.495834,-17.504165649414062,-4.430000000000291,-0.19000000000005457,Low
1,55,137,121.277275,-15.722724914550781,4.150000000000546,-0.009999999999990905,Low
1,56,136,122.6953,-13.304702758789062,1.2999999999992724,0.08000000000004093,Low
1,57,135,123.0366,-11.963401794433594,0.07999999999992724,-0.36000000000001364,Low
1,58,134,120.989655,-13.010345458984375,-3.399999999999636,-0.2300000000000182,Low
1,59,133,122.01113,-10.988868713378906,-3.269999999999527,0.43000000000006366,Low
1,60,132,120.215294,-11.784706115722656,4.079999999999927,0.009999999999990905,Low
1,61,131,117.37365,-13.626350402832031,-1.230000000000473,-0.2400000000000091,Low
1,62,130,118.57956,-11.420440673828125,0.6199999999998909,0.06999999999993634,Low
1,63,129,116.60786,-12.392143249511719,-1.550000000000182,0.43000000000006366,Low
1,64,128,115.30648,-12.693519592285156,-2.5799999999999272,-0.37000000000000455,Low
1,65,127,114.61295,-12.387046813964844,4.789999999999964,0.049999999999954525,Low
1,66,126,118.57558,-7.4244232177734375,-4.619999999999891,0.22000000000002728,Low
1,67,125,120.33147,-4.6685333251953125,5.75,-0.16999999999995907,Low
1,68,124,116.39571,-7.604286193847656,-1.6799999999993815,0.17999999999994998,Low
1,69,123,117.69113,-5.308868408203125,-3.2600000000002183,-0.06999999999993634,Low
1,70,122,117.600716,-4.399284362792969,1.2299999999995634,-0.22000000000002728,Low
1,71,121,113.254745,-7.7452545166015625,3.9200000000000728,-0.009999999999990905,Low
1,72,120,113.612144,-6.387855529785156,-0.32999999999992724,0.1999999999999318,Low
1,73,119,119.99528,0.9952774047851562,-4.099999999999454,-0.12000000000000455,Low
1,74,118,108.97384,-9.026161193847656,2.819999999999709,0.6700000000000728,Low
1,75,117,112.19164,-4.808357238769531,-2.5399999999999636,-1.0,Low
1,76,116,108.59886,-7.4011383056640625,6.309999999999491,0.25,Low
1,77,115,113.049805,-1.9501953125,-1.1899999999995998,0.33999999999991815,Low
1,78,114,110.23512,-3.7648773193359375,-1.3400000000001455,-0.5599999999999454,Low
1,79,113,108.35004,-4.64996337890625,1.4899999999997817,0.12999999999999545,Low
1,80,112,104.67687,-7.323127746582031,-0.7399999999997817,-0.17999999999994998,Low
1,81,111,103.98781,-7.0121917724609375,-5.789999999999964,0.7899999999999636,Low
1,82,110,110.48816,0.4881591796875,5.170000000000073,-0.6900000000000546,Low
1,83,109,113.30512,4.305122375488281,-2.7200000000002547,0.6200000000000045,Low
1,84,108,114.979,6.978996276855469,0.22000000000025466,-0.01999999999998181,Low
1,85,107,112.20018,5.2001800537109375,3.7700000000004366,-0.36000000000001364,Low
1,86,106,114.59815,8.598152160644531,-5.25,-0.4399999999999409,Low
1,87,105,106.78849,1.7884902954101562,0.3499999999994543,0.4900000000000091,Low
1,88,104,110.60445,6.6044464111328125,1.0600000000004002,-0.37000000000000455,Low
1,89,103,111.87735,8.877349853515625,3.6799999999993815,0.2799999999999727,Low
1,90,102,112.41618,10.416183471679688,-5.4299999999993815,0.42999999999995,Low
1,91,101,113.162735,12.162734985351562,4.6799999999993815,-0.6899999999999409,Low
1,92,100,113.536,13.536003112792969,-3.009999999999309,0.9099999999999682,Low
1,93,99,111.77682,12.776817321777344,1.7599999999993088,-0.03999999999996362,Low
1,94,98,109.180916,11.180915832519531,-0.75,-0.39999999999997726,Low
1,95,97,115.35084,18.35083770751953,-0.7699999999995271,0.40999999999996817,Low
1,96,96,112.24136,16.241363525390625,-0.9400000000005093,-0.6699999999999591,Low
1,97,95,114.60968,19.60968017578125,-1.949999999999818,-0.12000000000000455,Low
1,98,94,114.01424,20.014236450195312,-0.8499999999994543,-0.07000000000005002,Low
1,99,93,112.47637,19.47637176513672,3.880000000000109,0.4600000000000364,Low
1,100,92,112.88068,20.88067626953125,0.7199999999993452,-0.2400000000000091,Low
1,101,91,114.33353,23.333526611328125,-6.519999999999527,0.5299999999999727,Low
1,102,90,112.36477,22.364768981933594,4.4299999999993815,0.10000000000002274,Low
1,103,89,115.21337,26.21337127685547,-6.0,-0.6399999999999864,Low
1,104,88,117.769394,29.769393920898438,7.490000000000691,0.07999999999992724,Low
1,105,87,119.01266,32.012657165527344,2.119999999999891,-0.2799999999999727,Low
1,106,86,119.279144,33.279144287109375,-7.630000000000109,0.6699999999999591,Low
1,107,85,125.93229,40.932289123535156,6.019999999999527,-0.14999999999997726,Low
1,108,84,118.23751,34.237510681152344,-0.8799999999991996,0.9600000000000364,Low
1,109,83,117.638,34.63800048828125,-0.5500000000001819,-1.0,Low
1,110,82,115.78263,33.782630920410156,-3.8100000000004,0.05999999999994543,Low
1,111,81,117.41313,36.41313171386719,5.239999999999782,0.12000000000000455,Low
1,112,80,123.50149,43.501487731933594,-0.8799999999991996,-0.009999999999990905,Low
1,113,79,120.99917,41.999168395996094,-2.2000000000007276,0.01999999999998181,Low
1,114,78,120.43086,42.43086242675781,3.0399999999999636,-0.37000000000000455,Low
1,115,77,119.44358,42.443580627441406,-4.759999999999309,0.35000000000002274,Low
1,116,76,114.68526,38.68525695800781,6.859999999999673,-0.01999999999998181,Low
1,117,75,113.1308,38.13079833984375,-8.340000000000146,-0.2599999999999909,Low
1,118,74,120.184074,46.18407440185547,9.090000000000146,-0.03999999999996362,Low
1,119,73,122.295815,49.295814514160156,-11.359999999999673,0.32999999999992724,Low
1,120,72,121.843124,49.84312438964844,1.7199999999993452,0.13999999999998636,Low
1,121,71,120.78102,49.78102111816406,8.36999999999989,-0.17999999999994998,Low
1,122,70,113.57806,43.57805633544922,-2.1299999999991996,0.6699999999999591,Low
1,123,69,117.29931,48.29930877685547,-2.0900000000001455,0.09000000000003183,Low
1,124,68,116.684654,48.684654235839844,4.099999999999454,-0.9099999999999682,Low
1,125,67,116.59036,49.590362548828125,-7.489999999999782,0.4800000000000182,Low
1,126,66,107.02837,41.02837371826172,4.609999999999673,-0.4700000000000273,Low
1,127,65,111.6927,46.69270324707031,2.0600000000004,0.5,Low
1,128,64,114.50507,50.50507354736328,-0.9200000000000728,-0.5199999999999818,Low
1,129,63,113.29573,50.29573059082031,-4.75,-0.06000000000005912,Low
1,130,62,112.66317,50.663169860839844,-2.0399999999999636,0.2900000000000773,Low
1,131,61,118.26399,57.26399230957031,1.0900000000001455,0.30999999999994543,Low
1,132,60,114.89424,54.89424133300781,2.5399999999999636,0.18000000000006366,Low
1,133,59,107.71829,48.718292236328125,2.0100000000002183,-0.7400000000000091,Low
1,134,58,111.81835,53.81835174560547,0.36999999999989086,0.39999999999997726,Low
1,135,57,108.80095,51.80094909667969,-1.9600000000000364,-0.39999999999997726,Low
1,136,56,107.84215,51.84214782714844,1.0900000000001455,0.38999999999998636,Low
1,137,55,105.9077,50.90769958496094,-1.6199999999998909,-0.41000000000008185,Low
1,138,54,109.56098,55.56098175048828,0.8599999999996726,0.36000000000001364,Low
1,139,53,103.12338,50.123382568359375,-4.699999999999818,0.32000000000005,Low
1,140,52,103.51912,51.51911926269531,5.300000000000182,-0.06000000000005912,Low
1,141,51,108.82868,57.82868194580078,-9.340000000000146,-0.6599999999999682,Low
1,142,50,110.44814,60.448143005371094,3.9399999999996,0.12000000000000455,Low
1,143,49,109.31401,60.31401062011719,1.9400000000005093,0.2599999999999909,Low
1,144,48,106.966194,58.96619415283203,-1.3400000000001455,0.32000000000005,Low
1,145,47,94.65418,47.65418243408203,5.4399999999996,-0.13999999999998636,Low
1,146,46,104.11444,58.11444091796875,-1.7200000000002547,-0.2300000000000182,Low
1,147,45,97.91371,52.91371154785156,-3.0599999999994907,-0.4700000000000273,Low
1,148,44,98.13108,54.131080627441406,-1.6500000000005457,0.7699999999999818,Low
1,149,43,93.86642,50.866416931152344,-0.13999999999941792,-0.12000000000000455,Low
1,150,42,88.1706,46.17060089111328,-1.3500000000003638,0.15999999999996817,Low
1,151,41,88.73146,47.73146057128906,4.220000000000255,-0.2399999999998954,Low
1,152,40,80.420135,40.420135498046875,-8.210000000000036,-0.15000000000009095,Low
1,153,39,76.31992,37.319923400878906,5.140000000000327,0.32000000000005,Medium
1,154,38,65.84711,27.84710693359375,5.099999999999454,-0.18000000000006366,Medium
1,155,37,56.20223,19.202228546142578,-8.829999999999927,0.020000000000095497,Medium
1,156,36,52.701378,16.701377868652344,8.069999999999709,0.2099999999999227,Medium
1,157,35,48.091976,13.091976165771484,-3.4099999999998545,-0.8399999999999181,Medium
1,158,34,46.315907,12.315906524658203,1.2600000000002183,0.67999999999995,Medium
1,159,33,60.0839,27.083900451660156,1.2799999999997453,0.009999999999990905,Medium
1,160,32,60.505157,28.505157470703125,-4.9299999999993815,0.5600000000000591,Medium
1,161,31,65.516106,34.51610565185547,4.289999999999964,-0.4500000000000455,Medium
1,162,30,53.40626,23.406261444091797,-3.199999999999818,0.14999999999997726,Medium
1,163,29,41.3206,12.320598602294922,0.2899999999999636,-0.2999999999999545,Medium
1,164,28,41.66684,13.666839599609375,0.569999999999709,0.31999999999993634,Medium
1,165,27,40.81872,13.818721771240234,1.8999999999996362,-0.40999999999996817,Medium
1,166,26,40.07754,14.07754135131836,-7.389999999999418,0.5800000000000409,Medium
1,167,25,38.763657,13.763656616210938,3.269999999999527,-0.32000000000005,Medium
1,168,24,36.23386,12.23386001586914,2.0299999999997453,-0.34000000000003183,Medium
1,169,23,35.569313,12.569313049316406,0.8600000000005821,0.5200000000000955,Medium
1,170,22,37.59988,15.59988021850586,-3.5399999999999636,-0.2800000000000864,Medium
1,171,21,37.550587,16.550586700439453,3.1099999999996726,0.34000000000003183,Medium
1,172,20,36.4554,16.455398559570312,-4.789999999999964,0.07000000000005002,Medium
1,173,19,41.04976,22.049758911132812,1.5600000000004002,-0.36000000000001364,Medium
1,174,18,37.989838,19.989837646484375,-2.4700000000002547,-0.3300000000000409,Medium
1,175,17,28.92828,11.928279876708984,6.5900000000001455,0.9700000000000273,High
1,176,16,32.158657,16.15865707397461,-1.9600000000000364,-0.75,Medium
1,177,15,23.168821,8.168821334838867,-3.6900000000005093,0.92999999999995,High
1,178,14,16.794674,2.7946739196777344,-3.5499999999992724,-0.40999999999996817,High
1,179,13,19.689499,6.6894989013671875,0.27999999999974534,-0.5199999999999818,High
1,180,12,20.204088,8.20408821105957,5.729999999999563,0.7200000000000273,High
1,181,11,19.12257,8.122570037841797,-7.779999999999745,-0.13999999999998636,High
1,182,10,17.994598,7.994598388671875,4.880000000000109,0.7699999999999818,High
1,183,9,18.568604,9.568603515625,-1.8699999999998909,-0.9700000000000273,High
1,184,8,10.860524,2.8605241775512695,-2.1900000000005093,0.8300000000000409,High
1,185,7,11.611202,4.611202239990234,-1.9200000000000728,-0.2700000000000955,High
1,186,6,10.399387,4.399387359619141,9.760000000000218,-0.2899999999999636,High
1,187,5,8.806037,3.806036949157715,-7.779999999999745,-0.18999999999994088,High
1,188,4,6.274059,2.2740588188171387,2.019999999999527,0.42999999999995,High
1,189,3,4.700628,1.7006278038024902,-0.17999999999938154,0.42999999999995,High
1,190,2,4.208123,2.208123207092285,-4.930000000000291,-0.5399999999999636,High
1,191,1,3.8335361,2.833536148071289,2.0299999999997453,-0.2999999999999545,High
1,192,0,4.382165,4.38216495513916,-3.6799999999993815,0.1999999999999318,High
5,1,268,125.09321,-142.90679168701172,0.0,0.0,Low
5,2,267,119.320915,-147.67908477783203,0.819999999999709,0.6499999999999773,Low
5,3,266,118.430145,-147.56985473632812,-4.619999999999891,-0.34999999999990905,Low
5,4,265,124.43854,-140.56146240234375,0.3900000000003274,0.009999999999990905,Low
5,5,264,125.359955,-138.64004516601562,-1.1200000000008004,-0.05000000000006821,Low
5,6,263,124.88347,-138.1165313720703,0.3400000000001455,0.2900000000000773,Low
5,7,262,123.24144,-138.75856018066406,3.0700000000006185,0.4599999999999227,Low
5,8,261,124.31532,-136.68467712402344,-5.670000000000073,-0.2899999999999636,Low
5,9,260,124.16265,-135.83734893798828,3.3599999999996726,-0.7999999999999545,Low
5,10,259,124.61376,-134.38623809814453,-2.180000000000291,0.4899999999998954,Low
5,11,258,124.909225,-133.0907745361328,0.11999999999989086,-0.2799999999999727,Low
5,12,257,124.3772,-132.622802734375,0.5100000000002183,0.07000000000005002,Low
5,13,256,123.516754,-132.48324584960938,2.449999999999818,-0.07000000000005002,Low
5,14,255,123.87347,-131.12653350830078,3.7100000000000364,0.029999999999972715,Low
5,15,254,124.16986,-129.83013916015625,-9.25,-0.049999999999954525,Low
5,16,253,124.19315,-128.80684661865234,0.4400000000005093,-0.32000000000005,Low
5,17,252,123.397415,-128.6025848388672,8.849999999999454,0.44000000000005457,Low
5,18,251,124.15525,-126.8447494506836,-9.639999999999418,0.049999999999954525,Low
5,19,250,124.85733,-125.14266967773438,7.949999999999818,0.3100000000000591,Low
5,20,249,124.288765,-124.71123504638672,-4.359999999999673,-0.09000000000003183,Low
5,21,248,123.3959,-124.6041030883789,2.6099999999996726,-0.22000000000002728,Low
5,22,247,123.75971,-123.24028778076172,-1.9600000000000364,0.3300000000000409,Low
5,23,246,124.86038,-121.13961791992188,7.300000000000182,-0.8099999999999454,Low
5,24,245,125.05842,-119.94158172607422,0.6999999999998181,0.5599999999999454,Low
5,25,244,124.96002,-119.03997802734375,-11.670000000000073,-0.08000000000004093,Low
5,26,243,125.09024,-117.90975952148438,1.6700000000000728,-0.4399999999999409,Low
5,27,242,124.772545,-117.22745513916016,7.880000000000109,0.6100000000000136,Low
5,28,241,125.20157,-115.79843139648438,-5.430000000000291,-0.25,Low
5,29,240,124.85835,-115.14164733886719,-0.819999999999709,0.5099999999999909,Low
5,30,239,125.00129,-113.99871063232422,2.4799999999995634,0.17999999999994998,Low
5,31,238,125.41533,-112.58467102050781,-3.8299999999999272,-0.6000000000000227,Low
5,32,237,125.65899,-111.34101104736328,0.010000000000218279,0.35000000000002274,Low
5,33,236,125.25606,-110.74394226074219,3.399999999999636,-0.6499999999999773,Low
5,34,235,124.33188,-110.66812133789062,1.480000000000473,-0.08000000000004093,Low
5,35,234,124.115555,-109.88444519042969,-7.6899999999996,0.4800000000000182,Low
5,36,233,123.43965,-109.56034851074219,6.589999999999236,-0.8600000000000136,Low
5,37,232,124.02877,-107.97122955322266,4.430000000000291,0.7400000000000091,Low
5,38,231,123.5807,-107.41929626464844,-6.329999999999927,0.34000000000003183,Low
5,39,230,123.9062,-106.09380340576172,0.14000000000032742,-0.5599999999999454,Low
5,40,229,124.55588,-104.44412231445312,2.6700000000000728,0.9399999999999409,Low
5,41,228,124.6947,-103.3052978515625,-1.0400000000008731,0.06000000000005912,Low
5,42,227,123.80506,-103.19493865966797,4.0600000000004,-0.900000000000091,Low
5,43,226,124.079544,-101.92045593261719,1.9099999999998545,-0.13999999999998636,Low
5,44,225,124.55685,-100.44315338134766,-7.920000000000073,-0.009999999999990905,Low
5,45,224,124.72984,-99.27015686035156,-1.769999999999527,0.5500000000000682,Low
5,46,223,125.33836,-97.66163635253906,1.5100000000002183,-0.08000000000004093,Low
5,47,222,125.236244,-96.76375579833984,-0.47000000000025466,-0.2899999999999636,Low
5,48,221,124.8769,-96.12310028076172,-0.3900000000003274,-0.57000000000005,Low
5,49,220,125.15407,-94.84593200683594,6.819999999999709,0.7300000000000182,Low
5,50,219,125.277306,-93.72269439697266,-5.559999999999491,0.09000000000003183,Low
5,51,218,125.667,-92.33300018310547,1.5599999999994907,0.12000000000000455,Low
5,52,217,124.99368,-92.00631713867188,-8.779999999999745,-0.4600000000000364,Low
5,53,216,124.547516,-91.45248413085938,15.390000000000327,0.34000000000003183,Low
5,54,215,124.19035,-90.80964660644531,-5.650000000000546,-0.06000000000005912,Low
5,55,214,124.25661,-89.74339294433594,-3.0799999999999272,-0.15999999999996817,Low
5,56,213,124.74494,-88.25505828857422,1.360000000000582,0.13999999999998636,Low
5,57,212,124.584984,-87.4150161743164,-3.360000000000582,-0.16999999999995907,Low
5,58,211,124.966194,-86.03380584716797,5.910000000000764,0.6599999999999682,Low
5,59,210,124.96299,-85.0370101928711,-2.2200000000002547,-0.5600000000000591,Low
5,60,209,124.48837,-84.51162719726562,-0.11999999999989086,-0.049999999999954525,Low
5,61,208,124.37713,-83.62287139892578,-0.9099999999998545,0.36000000000001364,Low
5,62,207,124.97689,-82.02310943603516,2.719999999999345,-0.4199999999999591,Low
5,63,206,124.73149,-81.26850891113281,-0.6399999999994179,0.2399999999998954,Low
5,64,205,124.766716,-80.23328399658203,1.019999999999527,0.22000000000002728,Low
5,65,204,125.63312,-78.36688232421875,1.1199999999998909,-0.4399999999999409,Low
5,66,203,125.08413,-77.9158706665039,-1.2299999999995634,0.1999999999999318,Low
5,67,202,124.86979,-77.13021087646484,-0.0500000000001819,-0.4900000000000091,Low
5,68,201,124.58884,-76.41116333007812,-4.369999999999891,0.3300000000000409,Low
5,69,200,123.664955,-76.33504486083984,5.269999999999527,-0.10000000000002274,Low
5,70,199,125.39791,-73.60208892822266,-5.989999999999782,-0.03999999999996362,Low
5,71,198,125.26013,-72.7398681640625,9.0,0.4900000000000091,Low
5,72,197,124.81658,-72.18341827392578,-3.649999999999636,-0.5900000000000318,Low
5,73,196,124.93439,-71.06561279296875,2.2399999999997817,0.5199999999999818,Low
5,74,195,125.618614,-69.38138580322266,-4.0600000000004,-0.2300000000000182,Low
5,75,194,125.087326,-68.91267395019531,1.3200000000006185,0.2900000000000773,Low
5,76,193,124.07305,-68.92694854736328,3.469999999999345,-0.05000000000006821,Low
5,77,192,123.16475,-68.83525085449219,-9.509999999999309,0.7000000000000455,Low
5,78,191,122.025894,-68.97410583496094,6.519999999999527,-0.8400000000000318,Low
5,79,190,121.624214,-68.37578582763672,7.710000000000036,0.009999999999990905,Low
5,80,189,121.84619,-67.15380859375,-7.079999999999927,0.01999999999998181,Low
5,81,188,122.44044,-65.55956268310547,-3.149999999999636,0.20000000000004547,Low
5,82,187,120.86268,-66.13732147216797,4.9399999999996,0.12000000000000455,Low
5,83,186,121.199875,-64.80012512207031,-3.0599999999994907,-0.30999999999994543,Low
5,84,185,122.255104,-62.744895935058594,0.5199999999995271,0.39999999999997726,Low
5,85,184,120.00931,-63.990692138671875,-2.8299999999999272,-0.17000000000007276,Low
5,86,183,123.16982,-59.830177307128906,-0.22000000000025466,-0.2099999999999227,Low
5,87,182,121.33896,-60.661041259765625,9.420000000000073,0.17999999999994998,Low
5,88,181,118.738174,-62.26182556152344,-7.970000000000255,-0.009999999999990905,Low
5,89,180,119.094734,-60.90526580810547,2.290000000000873,0.15999999999996817,Low
5,90,179,117.634346,-61.36565399169922,-0.4500000000007276,-0.7899999999999636,Low
5,91,178,117.768936,-60.23106384277344,0.3000000000001819,0.6499999999999773,Low
5,92,177,118.46958,-58.530418395996094,4.0600000000004,-0.4399999999999409,Low
5,93,176,118.477554,-57.52244567871094,-8.770000000000437,0.17999999999994998,Low
5,94,175,118.38763,-56.61237335205078,0.9099999999998545,0.3000000000000682,Low
5,95,174,123.28041,-50.71958923339844,3.5,-0.17000000000007276,Low
5,96,173,123.53686,-49.46314239501953,-4.529999999999745,0.35000000000002274,Low
5,97,172,124.503746,-47.496253967285156,2.5799999999999272,-0.67999999999995,Low
5,98,171,124.3531,-46.64689636230469,5.400000000000546,-0.32000000000005,Low
5,99,170,124.09405,-45.90595245361328,-4.450000000000728,0.5499999999999545,Low
5,100,169,123.807495,-45.1925048828125,3.7899999999999636,-0.25,Low
5,101,168,122.95057,-45.04943084716797,-4.599999999999454,0.7800000000000864,Low
5,102,167,123.017296,-43.982704162597656,-1.5600000000004002,-0.07000000000005002,Low
5,103,166,118.59382,-47.40618133544922,12.230000000000473,-1.240000000000009,Low
5,104,165,120.09722,-44.90277862548828,-7.650000000000546,0.7400000000000091,Low
5,105,164,117.81793,-46.18206787109375,2.7700000000004366,0.38999999999998636,Low
5,106,163,117.24649,-45.753509521484375,-4.0700000000006185,-0.10000000000002274,Low
5,107,162,120.66618,-41.33381652832031,-1.5299999999997453,-0.2999999999999545,Low
5,108,161,110.70513,-50.29486846923828,-1.6199999999998909,0.4900000000000091,Low
5,109,160,117.793205,-42.20679473876953,0.11999999999989086,-0.5800000000000409,Low
5,110,159,119.460396,-39.53960418701172,1.6000000000003638,-0.4599999999999227,Low
5,111,158,117.69613,-40.303871154785156,8.639999999999418,0.5499999999999545,Low
5,112,157,118.56685,-38.43315124511719,-8.6299999999992,0.05999999999994543,Low
5,113,156,121.97521,-34.02478790283203,5.389999999999418,0.2900000000000773,Low
5,114,155,122.2598,-32.740196228027344,-6.960000000000036,-0.35000000000002274,Low
5,115,154,122.84363,-31.1563720703125,3.050000000000182,0.6499999999999773,Low
5,116,153,122.12573,-30.874267578125,-2.869999999999891,-1.2300000000000182,Low
5,117,152,121.8706,-30.12940216064453,2.5599999999994907,1.0300000000000864,Low
5,118,151,120.913086,-30.0869140625,-1.5499999999992724,-0.5300000000000864,Low
5,119,150,121.27197,-28.72802734375,4.469999999999345,0.21000000000003638,Low
5,120,149,118.55056,-30.449440002441406,2.9500000000007276,-0.2899999999999636,Low
5,121,148,120.56236,-27.437637329101562,-6.390000000000327,0.6100000000000136,Low
5,122,147,121.96393,-25.03607177734375,1.2799999999997453,-0.7900000000000773,Low
5,123,146,117.85931,-28.14069366455078,4.930000000000291,-0.12999999999999545,Low
5,124,145,118.2512,-26.748802185058594,-5.730000000000473,0.9800000000000182,Low
5,125,144,116.99802,-27.001983642578125,-1.5299999999997453,-0.8999999999999773,Low
5,126,143,112.5919,-30.408096313476562,2.180000000000291,0.12999999999999545,Low
5,127,142,112.30182,-29.69818115234375,0.5,0.5699999999999363,Low
5,128,141,114.60603,-26.393966674804688,-1.1000000000003638,-0.07999999999992724,Low
5,129,140,114.76371,-25.236289978027344,8.600000000000364,0.32999999999992724,Low
5,130,139,114.9858,-24.014198303222656,-4.869999999999891,0.39000000000010004,Low
5,131,138,111.04124,-26.958763122558594,0.019999999999527063,-0.8600000000000136,Low
5,132,137,111.84768,-25.152320861816406,1.3900000000003274,0.2199999999999136,Low
5,133,136,113.561874,-22.438125610351562,-5.119999999999891,-0.14999999999997726,Low
5,134,135,119.07659,-15.923408508300781,2.5299999999997453,-0.9599999999999227,Low
5,135,134,117.71265,-16.287353515625,1.0,0.6599999999999682,Low
5,136,133,117.03638,-15.963623046875,-1.5399999999999636,-0.4600000000000364,Low
5,137,132,113.807785,-18.192214965820312,8.569999999999709,0.7200000000000273,Low
5,138,131,116.56556,-14.434440612792969,-8.38000000000011,-0.57000000000005,Low
5,139,130,117.14619,-12.853813171386719,0.4500000000007276,0.6600000000000819,Low
5,140,129,114.95481,-14.045188903808594,0.7599999999993088,0.5,Low
5,141,128,115.5963,-12.403701782226562,-3.4099999999998545,-1.0900000000000318,Low
5,142,127,110.1983,-16.80169677734375,2.600000000000364,0.6200000000000045,Low
5,143,126,107.98803,-18.01197052001953,-0.4600000000000364,0.03999999999996362,Low
5,144,125,106.007675,-18.992324829101562,2.2600000000002183,-0.049999999999954525,Low
5,145,124,101.22435,-22.775650024414062,-1.1500000000005457,-0.04000000000007731,Low
5,146,123,97.59334,-25.406661987304688,1.1199999999998909,0.4600000000000364,Low
5,147,122,102.423256,-19.576744079589844,-0.2999999999992724,-0.7599999999999909,Low
5,148,121,103.300804,-17.699195861816406,3.6599999999998545,0.2300000000000182,Low
5,149,120,105.26595,-14.734046936035156,-0.11999999999989086,0.2899999999999636,Low
5,150,119,98.99926,-20.00074005126953,-4.730000000000473,-0.6699999999999591,Low
5,151,118,100.12947,-17.870529174804688,0.6700000000000728,0.16999999999995907,Low
5,152,117,96.025185,-20.974815368652344,4.010000000000218,-0.15999999999996817,Low
5,153,116,97.64179,-18.35820770263672,-2.9600000000000364,0.75,Low
5,154,115,102.88466,-12.115341186523438,-3.2100000000000364,-0.37999999999999545,Low
5,155,114,101.28986,-12.710136413574219,2.9700000000002547,0.08000000000004093,Low
5,156,113,100.16221,-12.837791442871094,0.17000000000007276,-0.08000000000004093,Low
5,157,112,98.370316,-13.629684448242188,3.889999999999418,-0.11000000000001364,Low
5,158,111,96.604164,-14.395835876464844,2.7100000000000364,-0.25,Low
5,159,110,95.12141,-14.878593444824219,-12.529999999999745,0.5399999999999636,Low
5,160,109,89.22464,-19.775360107421875,6.6599999999998545,-0.13999999999998636,Low
5,161,108,89.626236,-18.373764038085938,-1.5600000000004002,-0.2400000000000091,Low
5,162,107,91.91249,-15.087509155273438,5.539999999999964,0.030000000000086402,Low
5,163,106,90.89193,-15.108070373535156,4.180000000000291,0.5599999999999454,Low
5,164,105,82.68109,-22.31890869140625,-10.109999999999673,-0.07000000000005002,Low
5,165,104,82.48396,-21.516036987304688,4.420000000000073,-0.029999999999972715,Low
5,166,103,81.1754,-21.824600219726562,1.3800000000001091,0.17000000000007276,Low
5,167,102,79.76841,-22.231590270996094,-2.8200000000006185,-0.16000000000008185,Medium
5,168,101,88.49922,-12.500778198242188,-3.800000000000182,-0.31999999999993634,Low
5,169,100,84.1257,-15.874298095703125,5.1200000000008,0.38999999999998636,Low
5,170,99,89.94325,-9.056747436523438,4.8799999999992,0.18999999999994088,Low
5,171,98,92.64174,-5.3582611083984375,-7.1299999999992,-0.38999999999998636,Low
5,172,97,86.24048,-10.759521484375,3.269999999999527,-0.36000000000001364,Low
5,173,96,85.84039,-10.15960693359375,4.869999999999891,0.5600000000000591,Low
5,174,95,90.96345,-4.036552429199219,-9.239999999999782,-0.3300000000000409,Low
5,175,94,89.22548,-4.7745208740234375,0.8999999999996362,-0.2099999999999227,Low
5,176,93,82.54106,-10.458938598632812,0.9800000000004729,0.17999999999994998,Low
5,177,92,75.40775,-16.592247009277344,6.510000000000218,0.07000000000005002,Medium
5,178,91,74.09339,-16.90660858154297,-5.680000000000291,-0.12999999999999545,Medium
5,179,90,84.62859,-5.371406555175781,5.720000000000255,0.4699999999999136,Low
5,180,89,75.98956,-13.01043701171875,4.719999999999345,0.2699999999999818,Medium
5,181,88,75.9862,-12.013801574707031,-11.159999999999854,-0.7999999999999545,Medium
5,182,87,74.4529,-12.547096252441406,3.2899999999999636,-0.15999999999996817,Medium
5,183,86,75.0983,-10.901702880859375,1.5600000000004002,0.37999999999999545,Medium
5,184,85,72.32428,-12.67572021484375,2.8499999999994543,0.2099999999999227,Medium
5,185,84,70.46742,-13.532577514648438,2.0700000000006185,-0.06999999999993634,Medium
5,186,83,74.467026,-8.532974243164062,-3.0100000000002183,-0.6499999999999773,Medium
5,187,82,75.6485,-6.35150146484375,-1.7399999999997817,1.1499999999999773,Medium
5,188,81,75.39766,-5.6023406982421875,-3.3299999999999272,-0.08000000000004093,Medium
5,189,80,70.74342,-9.256576538085938,4.329999999999927,0.2699999999999818,Medium
5,190,79,70.19481,-8.805191040039062,1.3499999999994543,-1.2299999999999045,Medium
5,191,78,69.72523,-8.274772644042969,-1.0799999999999272,0.4499999999999318,Medium
5,192,77,68.59786,-8.402137756347656,-3.3099999999994907,0.6599999999999682,Medium
5,193,76,66.895134,-9.104866027832031,5.969999999999345,-0.5099999999999909,Medium
5,194,75,63.770367,-11.229633331298828,0.13000000000010914,-0.07999999999992724,Medium
5,195,74,68.45421,-5.5457916259765625,-3.4299999999993815,-0.07000000000005002,Medium
5,196,73,59.670265,-13.329734802246094,-1.8800000000001091,-0.03999999999996362,Medium
5,197,72,57.050297,-14.949703216552734,-0.5799999999999272,0.06999999999993634,Medium
5,198,71,59.26003,-11.739971160888672,8.63000000000011,0.32000000000005,Medium
5,199,70,57.343075,-12.656925201416016,2.149999999999636,0.01999999999998181,Medium
5,200,69,59.97318,-9.02682113647461,-4.5900000000001455,-0.31999999999993634,Medium
5,201,68,55.81942,-12.180580139160156,5.449999999999818,-0.19000000000005457,Medium
5,202,67,50.614822,-16.385177612304688,-7.729999999999563,0.37000000000000455,Medium
5,203,66,56.55222,-9.44778060913086,-0.15999999999985448,0.5900000000000318,Medium
5,204,65,49.99299,-15.007011413574219,7.779999999999745,-0.5500000000000682,Medium
5,205,64,56.309265,-7.69073486328125,-3.5600000000004,-0.08999999999991815,Medium
5,206,63,55.091827,-7.908172607421875,-2.4399999999996,0.01999999999998181,Medium
5,207,62,61.85877,-0.14123153686523438,0.4499999999998181,-0.009999999999990905,Medium
5,208,61,54.008575,-6.991424560546875,4.640000000000327,0.6999999999999318,Medium
5,209,60,57.62988,-2.3701210021972656,0.5,-0.5399999999999636,Medium
5,210,59,50.977257,-8.022743225097656,-0.06000000000040018,0.5,Medium
5,211,58,47.880947,-10.11905288696289,1.180000000000291,-0.44000000000005457,Medium
5,212,57,55.36649,-1.6335105895996094,-1.430000000000291,0.650000000000091,Medium
5,213,56,50.489647,-5.510353088378906,-1.5,-0.8500000000000227,Medium
5,214,55,51.160587,-3.8394126892089844,5.960000000000036,-0.20000000000004547,Medium
5,215,54,43.20284,-10.797161102294922,2.350000000000364,0.8400000000000318,Medium
5,216,53,44.894897,-8.1051025390625,-6.880000000000109,-0.9199999999999591,Medium
5,217,52,41.919743,-10.080257415771484,2.8400000000001455,0.36000000000001364,Medium
5,218,51,44.294994,-6.705005645751953,0.02999999999974534,0.4499999999999318,Medium
5,219,50,42.476948,-7.523052215576172,2.7899999999999636,-0.2899999999999636,Medium
5,220,49,40.377254,-8.622745513916016,-3.2200000000002547,-0.22000000000002728,Medium
5,221,48,39.240906,-8.75909423828125,5.289999999999964,0.21000000000003638,Medium
5,222,47,41.344723,-5.655277252197266,-5.339999999999236,-0.2400000000000091,Medium
5,223,46,39.42839,-6.5716094970703125,-0.6300000000001091,-0.2699999999999818,Medium
5,224,45,35.24502,-9.75497817993164,6.899999999999636,0.6100000000000136,Medium
5,225,44,40.474136,-3.5258636474609375,-0.7100000000000364,-0.020000000000095497,Medium
5,226,43,40.634724,-2.365276336669922,-1.680000000000291,-0.2099999999999227,Medium
5,227,42,35.95898,-6.041019439697266,3.490000000000691,0.009999999999990905,Medium
5,228,41,35.026466,-5.973533630371094,-7.6599999999998545,0.009999999999990905,Medium
5,229,40,35.14309,-4.856910705566406,5.149999999999636,0.6299999999999955,Medium
5,230,39,31.868778,-7.131221771240234,2.7899999999999636,0.03999999999996362,Medium
5,231,38,31.740675,-6.25932502746582,0.3599999999996726,-0.6699999999999591,Medium
5,232,37,31.121235,-5.878765106201172,3.680000000000291,-0.009999999999990905,Medium
5,233,36,27.719221,-8.280778884887695,-4.279999999999745,0.9800000000000182,High
5,234,35,27.486446,-7.513553619384766,1.0099999999993088,-1.3600000000000136,High
5,235,34,25.103172,-8.896827697753906,1.0400000000008731,0.8299999999999272,High
5,236,33,28.348412,-4.651588439941406,-0.910000000000764,0.08000000000004093,High
5,237,32,27.165648,-4.834352493286133,3.1900000000005093,0.42999999999995,High
5,238,31,27.562042,-3.437957763671875,-6.8400000000001455,-0.5399999999999636,High
5,239,30,24.983994,-5.0160064697265625,6.930000000000291,-0.09000000000003183,High
5,240,29,24.980362,-4.0196380615234375,1.4399999999995998,0.36000000000001364,High
5,241,28,25.393032,-2.6069679260253906,0.5900000000001455,-0.4199999999999591,High
5,242,27,22.38206,-4.617940902709961,-0.75,0.08000000000004093,High
5,243,26,21.965431,-4.034568786621094,0.6000000000003638,0.17999999999994998,High
5,244,25,19.533192,-5.466808319091797,2.269999999999527,-0.2999999999999545,High
5,245,24,18.432762,-5.567237854003906,5.470000000000255,0.17999999999994998,High
5,246,23,15.692015,-7.307985305786133,-2.219999999999345,0.36000000000001364,High
5,247,22,15.840737,-6.159262657165527,-2.160000000000764,-0.09000000000003183,High
5,248,21,16.899136,-4.100864410400391,1.7200000000002547,0.05000000000006821,High
5,249,20,16.4692,-3.5307998657226562,4.680000000000291,0.10999999999989996,High
5,250,19,15.552645,-3.447355270385742,0.12999999999919964,-0.4199999999999591,High
5,251,18,15.338494,-2.661505699157715,-2.139999999999418,0.4500000000000455,High
5,252,17,14.925484,-2.0745162963867188,-3.860000000000582,0.12000000000000455,High
5,253,16,15.676501,-0.3234987258911133,2.2600000000002183,-0.12000000000000455,High
5,254,15,13.170564,-1.8294363021850586,4.940000000000509,-0.2900000000000773,High
5,255,14,14.2231455,0.2231454849243164,0.8400000000001455,0.16000000000008185,High
5,256,13,10.382289,-2.617711067199707,4.1599999999998545,0.1999999999999318,High
5,257,12,10.517562,-1.482438087463379,-1.5900000000001455,-0.4399999999999409,High
5,258,11,9.906475,-1.0935249328613281,-1.4099999999998545,0.22000000000002728,High
5,259,10,6.5230136,-3.4769864082336426,2.75,0.33999999999991815,High
5,260,9,5.921148,-3.0788521766662598,2.2999999999992724,-0.5299999999999727,High
5,261,8,5.2804437,-2.7195563316345215,-4.280000000000655,0.01999999999998181,High
5,262,7,4.8346505,-2.1653494834899902,4.3700000000008,0.2899999999999636,High
5,263,6,4.6602254,-1.3397746086120605,5.799999999999272,0.39000000000010004,High
5,264,5,4.3430448,-0.6569552421569824,-4.359999999998763,-0.18000000000006366,High
5,265,4,3.038864,-0.9611361026763916,-3.3000000000010914,0.029999999999972715,High
5,266,3,4.258702,1.2587018013000488,4.600000000000364,-0.4199999999999591,High
5,267,2,4.4277463,2.427746295928955,-1.6299999999991996,0.35000000000002274,High
5,268,1,3.3813584,2.3813583850860596,8.329999999999927,0.2899999999999636,High
5,269,0,3.2180586,3.2180585861206055,-2.4400000000005093,-0.5599999999999454,High
11,1,239,126.190384,-112.80961608886719,0.0,0.0,Low
11,2,238,123.61012,-114.38987731933594,3.009999999999309,-0.39000000000010004,Low
11,3,237,122.40544,-114.59455871582031,-0.9399999999995998,0.2400000000000091,Low
11,4,236,124.83534,-111.16465759277344,-3.4600000000000364,0.14000000000010004,Low
11,5,235,124.504814,-110.49518585205078,2.0399999999999636,0.12999999999999545,Low
11,6,234,124.85921,-109.14079284667969,4.25,-0.44000000000005457,Low
11,7,233,125.13238,-107.86762237548828,-0.7700000000004366,0.5499999999999545,Low
11,8,232,124.602425,-107.39757537841797,1.0900000000001455,-0.2199999999999136,Low
11,9,231,124.44631,-106.5536880493164,-0.6999999999998181,-0.36000000000001364,Low
11,10,230,125.093315,-104.90668487548828,-4.4399999999996,-0.13999999999998636,Low
11,11,229,124.645996,-104.35400390625,0.6399999999994179,0.9800000000000182,Low
11,12,228,125.00958,-102.99041748046875,5.650000000000546,-0.4500000000000455,Low
11,13,227,124.7363,-102.26370239257812,-2.230000000000473,0.2899999999999636,Low
11,14,226,124.06442,-101.93557739257812,-4.779999999999745,-0.2599999999999909,Low
11,15,225,124.184814,-100.815185546875,-3.5399999999999636,0.34000000000003183,Low
11,16,224,125.32068,-98.6793212890625,6.970000000000255,-0.10000000000002274,Low
11,17,223,125.37829,-97.62171173095703,-4.240000000000691,-0.8999999999999773,Low
11,18,222,123.88728,-98.11271667480469,2.0100000000002183,0.30999999999994543,Low
11,19,221,123.756386,-97.24361419677734,4.6599999999998545,0.8700000000000045,Low
11,20,220,124.30621,-95.69378662109375,-2.2399999999997817,-0.4399999999999409,Low
11,21,219,122.76779,-96.23220825195312,-2.050000000000182,0.09000000000003183,Low
11,22,218,123.077095,-94.92290496826172,5.130000000000109,-0.36000000000001364,Low
11,23,217,120.8328,-96.16719818115234,-0.4399999999995998,0.16999999999995907,Low
11,24,216,121.82821,-94.17179107666016,1.8099999999994907,-0.10000000000002274,Low
11,25,215,121.344864,-93.65513610839844,-5.010000000000218,-0.4199999999999591,Low
11,26,214,118.40026,-95.59973907470703,0.27000000000043656,0.36000000000001364,Low
11,27,213,113.0068,-99.99320220947266,-0.0500000000001819,0.03999999999996362,Low
11,28,212,116.12284,-95.87715911865234,0.02999999999974534,0.09000000000003183,Low
11,29,211,120.94361,-90.05638885498047,2.7700000000004366,-0.12000000000000455,Low
11,30,210,117.11515,-92.88484954833984,-8.529999999999745,-0.09000000000003183,Low
11,31,209,115.35349,-93.6465072631836,12.319999999999709,0.21000000000003638,Low
11,32,208,118.633804,-89.36619567871094,-7.770000000000437,-0.5299999999999727,Low
11,33,207,118.38108,-88.6189193725586,3.300000000000182,0.2899999999999636,Low
11,34,206,117.68971,-88.31028747558594,-0.21000000000003638,0.92999999999995,Low
11,35,205,121.210915,-83.7890853881836,-5.8400000000001455,-0.7199999999999136,Low
11,36,204,120.240234,-83.759765625,2.8400000000001455,-0.20000000000004547,Low
11,37,203,120.60298,-82.39701843261719,-0.819999999999709,0.18999999999994088,Low
11,38,202,120.935974,-81.06402587890625,-1.8400000000001455,0.0,Low
11,39,201,122.47275,-78.52725219726562,6.800000000000182,0.5500000000000682,Low
11,40,200,121.075424,-78.92457580566406,-3.4399999999996,-0.4700000000000273,Low
11,41,199,121.37113,-77.62886810302734,1.2999999999992724,-0.6399999999999864,Low
11,42,198,124.11212,-73.88787841796875,1.9700000000002547,-0.21000000000003638,Low
11,43,197,124.222595,-72.77740478515625,-6.369999999999891,0.9700000000000273,Low
11,44,196,124.15739,-71.84261322021484,-1.430000000000291,-0.15999999999996817,Low
11,45,195,124.68727,-70.31272888183594,2.350000000000364,-0.09000000000003183,Low
11,46,194,123.74226,-70.25773620605469,2.4899999999997817,-0.42999999999995,Low
11,47,193,123.80684,-69.19316101074219,-2.2299999999995634,0.6899999999999409,Low
11,48,192,123.90888,-68.09111785888672,3.219999999999345,0.03999999999996362,Low
11,49,191,121.00691,-69.99308776855469,-3.380000000000109,-0.4699999999999136,Low
11,50,190,121.58796,-68.41204071044922,8.470000000000255,0.30999999999994543,Low
11,51,189,122.85908,-66.14092254638672,-3.930000000000291,0.07000000000005002,Low
11,52,188,124.33482,-63.66517639160156,2.5100000000002183,0.12000000000000455,Low
11,53,187,124.14543,-62.85456848144531,-2.149999999999636,0.029999999999972715,Low
11,54,186,124.81412,-61.185882568359375,1.6700000000000728,-0.12999999999999545,Low
11,55,185,123.31475,-61.68524932861328,-3.2100000000000364,-0.25,Low
11,56,184,123.99929,-60.000709533691406,-4.130000000000109,0.5900000000000318,Low
11,57,183,123.84589,-59.15411376953125,8.38000000000011,-0.6200000000000045,Low
11,58,182,123.93852,-58.06147766113281,-4.010000000000218,-0.2900000000000773,Low
11,59,181,123.14656,-57.85343933105469,0.6400000000003274,0.6600000000000819,Low
11,60,180,122.27472,-57.72528076171875,0.05999999999949068,-0.34000000000003183,Low
11,61,179,123.11775,-55.88224792480469,-1.550000000000182,-0.05000000000006821,Low
11,62,178,123.45671,-54.54328918457031,5.740000000000691,-0.05999999999994543,Low
11,63,177,123.64811,-53.351890563964844,-6.360000000000582,-0.01999999999998181,Low
11,64,176,123.567764,-52.43223571777344,1.2899999999999636,-0.009999999999990905,Low
11,65,175,124.10115,-50.89884948730469,-0.5199999999995271,0.4599999999999227,Low
11,66,174,123.933914,-50.06608581542969,1.5900000000001455,0.2900000000000773,Low
11,67,173,121.83917,-51.16082763671875,3.639999999999418,-0.42000000000007276,Low
11,68,172,122.09202,-49.907981872558594,-2.4399999999996,-0.06999999999993634,Low
11,69,171,121.45978,-49.54022216796875,0.010000000000218279,0.009999999999990905,Low
11,70,170,120.56211,-49.437889099121094,5.9299999999993815,0.10000000000002274,Low
11,71,169,119.74348,-49.25652313232422,-8.729999999999563,0.2300000000000182,Low
11,72,168,119.58253,-48.41747283935547,5.880000000000109,-0.25,Low
11,73,167,118.08316,-48.916839599609375,-3.0600000000004,-0.25,Low
11,74,166,114.64578,-51.354217529296875,3.1500000000005457,0.1999999999999318,Low
11,75,165,113.85394,-51.14605712890625,-6.0,-0.31999999999993634,Low
11,76,164,112.28835,-51.711647033691406,0.7999999999992724,0.12000000000000455,Low
11,77,163,110.535065,-52.464935302734375,4.210000000000036,0.34999999999990905,Low
11,78,162,111.06196,-50.93804168701172,-6.960000000000036,-0.4199999999999591,Low
11,79,161,111.82853,-49.171470642089844,2.240000000000691,0.36000000000001364,Low
11,80,160,116.32984,-43.67015838623047,1.139999999999418,-0.39999999999997726,Low
11,81,159,114.27221,-44.72779083251953,-4.229999999999563,0.5799999999999272,Low
11,82,158,115.455734,-42.54426574707031,1.3599999999996726,-0.16999999999995907,Low
11,83,157,116.98577,-40.01422882080078,3.9899999999997817,0.12000000000000455,Low
11,84,156,117.72878,-38.271217346191406,-4.549999999999272,-0.5,Low
11,85,155,118.79273,-36.20726776123047,3.8299999999999272,0.6399999999999864,Low
11,86,154,118.08796,-35.91204071044922,-2.230000000000473,-0.009999999999990905,Low
11,87,153,116.92809,-36.07190704345703,2.1500000000005457,-0.32000000000005,Low
11,88,152,114.29494,-37.70506286621094,0.6899999999995998,-0.15999999999996817,Low
11,89,151,111.90448,-39.09552001953125,-0.680000000000291,0.13999999999998636,Low
11,90,150,112.360916,-37.63908386230469,0.8699999999998909,-0.13999999999998636,Low
11,91,149,112.804436,-36.19556427001953,5.220000000000255,0.4600000000000364,Low
11,92,148,112.62774,-35.37226104736328,-5.559999999999491,0.03999999999996362,Low
11,93,147,111.540016,-35.459983825683594,1.4600000000000364,-0.7400000000000091,Low
11,94,146,116.44835,-29.551651000976562,-1.930000000000291,0.39999999999997726,Low
11,95,145,114.1961,-30.80390167236328,2.9099999999998545,0.37000000000000455,Low
11,96,144,113.501724,-30.498275756835938,-3.769999999999527,-0.6499999999999773,Low
11,97,143,115.71014,-27.28986358642578,-4.400000000000546,-0.03999999999996362,Low
11,98,142,116.250336,-25.749664306640625,7.650000000000546,0.32999999999992724,Low
11,99,141,116.465805,-24.534194946289062,-2.4600000000000364,-0.17999999999994998,Low
11,100,140,118.66112,-21.338882446289062,-0.6200000000008004,0.19000000000005457,Low
11,101,139,118.05326,-20.946739196777344,6.3100000000004,-0.04000000000007731,Low
11,102,138,116.989845,-21.010154724121094,-9.470000000000255,-0.06999999999993634,Low
11,103,137,115.649796,-21.350204467773438,7.650000000000546,0.2899999999999636,Low
11,104,136,114.0708,-21.92919921875,-2.9000000000005457,-0.22000000000002728,Low
11,105,135,111.32835,-23.671653747558594,-0.9499999999998181,0.21000000000003638,Low
11,106,134,114.53735,-19.462646484375,-0.17000000000007276,-0.4900000000000091,Low
11,107,133,115.068535,-17.93146514892578,-1.1099999999996726,0.2699999999999818,Low
11,108,132,114.40596,-17.594039916992188,7.329999999999927,0.0,Low
11,109,131,112.89769,-18.102310180664062,-2.9000000000005457,0.3000000000000682,Low
11,110,130,111.45074,-18.54926300048828,5.710000000000036,-0.39000000000010004,Low
11,111,129,108.80285,-20.19715118408203,-10.109999999999673,-0.009999999999990905,Low
11,112,128,111.79877,-16.20123291015625,-2.149999999999636,0.4600000000000364,Low
11,113,127,112.708206,-14.291793823242188,1.9799999999995634,-0.09000000000003183,Low
11,114,126,109.72011,-16.279891967773438,6.619999999999891,-0.31999999999993634,Low
11,115,125,109.91399,-15.086013793945312,0.6100000000005821,-0.13999999999998636,Low
11,116,124,111.48937,-12.510627746582031,-1.75,-0.05000000000006821,Low
11,117,123,107.320885,-15.679115295410156,1.1099999999996726,0.2599999999999909,Low
11,118,122,109.18737,-12.812629699707031,-1.699999999999818,-0.13999999999998636,Low
11,119,121,111.34296,-9.65704345703125,-3.0100000000002183,0.20000000000004547,Low
11,120,120,114.20543,-5.7945709228515625,-1.6899999999995998,-0.6700000000000728,Low
11,121,119,112.56367,-6.436332702636719,5.609999999999673,1.080000000000041,Low
11,122,118,111.52415,-6.475852966308594,-1.449999999999818,0.07000000000005002,Low
11,123,117,107.80348,-9.196517944335938,1.5299999999997453,-0.3300000000000409,Low
11,124,116,109.75853,-6.2414703369140625,4.890000000000327,-0.16999999999995907,Low
11,125,115,110.34804,-4.6519622802734375,-2.630000000000109,-0.2599999999999909,Low
11,126,114,109.40925,-4.590751647949219,-11.020000000000437,-0.17000000000007276,Low
11,127,113,107.18858,-5.8114166259765625,3.280000000000655,-0.10000000000002274,Low
11,128,112,113.87056,1.8705596923828125,9.349999999999454,0.41000000000008185,Low
11,129,111,108.70206,-2.297943115234375,-6.5900000000001455,0.5899999999999181,Low
11,130,110,106.59115,-3.4088516235351562,3.1700000000000728,-0.6299999999999955,Low
11,131,109,107.94805,-1.0519485473632812,6.75,0.07000000000005002,Low
11,132,108,107.529015,-0.47098541259765625,-10.639999999999418,-0.12999999999999545,Low
11,133,107,109.57445,2.5744476318359375,0.7199999999993452,0.17999999999994998,Low
11,134,106,109.22718,3.2271804809570312,5.920000000000073,0.17000000000007276,Low
11,135,105,105.79371,0.7937088012695312,-6.729999999999563,0.16999999999995907,Low
11,136,104,106.56765,2.5676498413085938,-0.28000000000065484,-0.6000000000000227,Low
11,137,103,104.57119,1.5711898803710938,6.610000000000582,-0.31999999999993634,Low
11,138,102,109.90673,7.906730651855469,-5.3400000000001455,1.0699999999999363,Low
11,139,101,107.99429,6.994293212890625,7.4099999999998545,-0.8199999999999363,Low
11,140,100,107.459785,7.459785461425781,-2.7100000000000364,0.5599999999999454,Low
11,141,99,108.684425,9.684425354003906,-0.8499999999994543,-0.4700000000000273,Low
11,142,98,109.5809,11.580902099609375,0.3099999999994907,0.9100000000000819,Low
11,143,97,107.59254,10.592536926269531,-1.699999999999818,-0.75,Low
11,144,96,99.52586,3.5258636474609375,4.890000000000327,0.39999999999997726,Low
11,145,95,101.73575,6.735748291015625,-5.920000000000073,-0.12999999999999545,Low
11,146,94,97.71068,3.7106781005859375,5.25,-0.35000000000002274,Low
11,147,93,94.69033,1.6903305053710938,2.719999999999345,0.42999999999995,Low
11,148,92,92.70146,0.7014617919921875,1.7400000000006912,0.06000000000005912,Low
11,149,91,90.307945,-0.6920547485351562,-9.450000000000728,0.36000000000001364,Low
11,150,90,86.83607,-3.1639328002929688,0.4500000000007276,-0.9200000000000728,Low
11,151,89,85.797966,-3.2020339965820312,-3.3900000000003274,0.8300000000000409,Low
11,152,88,85.196526,-2.8034744262695312,14.789999999999964,-0.36000000000001364,Low
11,153,87,80.29553,-6.7044677734375,-9.019999999999527,-0.06999999999993634,Low
11,154,86,77.42261,-8.577392578125,8.299999999999272,0.37000000000000455,Medium
11,155,85,90.08133,5.081329345703125,-5.8400000000001455,-0.6000000000000227,Low
11,156,84,86.87549,2.87548828125,-4.009999999999309,0.05999999999994543,Low
11,157,83,84.80514,1.8051376342773438,2.719999999999345,0.32000000000005,Low
11,158,82,85.63233,3.6323318481445312,3.480000000000473,-0.13999999999998636,Low
11,159,81,93.64416,12.644157409667969,-0.9899999999997817,-0.43000000000006366,Low
11,160,80,80.60802,0.6080169677734375,-1.7200000000002547,0.7800000000000864,Low
11,161,79,84.14658,5.146583557128906,7.460000000000036,-0.5400000000000773,Low
11,162,78,81.63688,3.6368789672851562,-5.800000000000182,0.13999999999998636,Low
11,163,77,89.722336,12.722335815429688,0.680000000000291,-0.4699999999999136,Low
11,164,76,88.08407,12.084068298339844,3.8499999999994543,0.7599999999999909,Low
11,165,75,84.11793,9.117927551269531,-2.339999999999236,-0.16000000000008185,Low
11,166,74,80.60457,6.6045684814453125,2.2899999999999636,0.12999999999999545,Low
11,167,73,82.15175,9.151748657226562,-5.789999999999964,-0.37999999999999545,Low
11,168,72,79.04003,7.040031433105469,2.469999999999345,0.8799999999999955,Medium
11,169,71,83.06157,12.061569213867188,6.699999999999818,-0.7199999999999136,Low
11,170,70,87.56574,17.56574249267578,-7.549999999999272,-0.4900000000000091,Low
11,171,69,81.834305,12.834304809570312,2.5299999999997453,1.0399999999999636,Low
11,172,68,77.63265,9.632652282714844,3.5600000000004,-0.5599999999999454,Medium
11,173,67,70.07235,3.0723495483398438,-1.730000000000473,-0.2300000000000182,Medium
11,174,66,70.28483,4.284828186035156,2.5299999999997453,0.2999999999999545,Medium
11,175,65,76.62721,11.627212524414062,2.610000000000582,0.37999999999999545,Medium
11,176,64,77.10365,13.103652954101562,-6.460000000000036,-0.5299999999999727,Medium
11,177,63,80.04009,17.04009246826172,2.4099999999998545,0.4500000000000455,Low
11,178,62,71.94113,9.941131591796875,5.449999999999818,-0.05000000000006821,Medium
11,179,61,68.37832,7.378318786621094,-5.579999999999927,0.08000000000004093,Medium
11,180,60,69.73899,9.738990783691406,2.4799999999995634,0.05999999999994543,Medium
11,181,59,72.86961,13.869613647460938,-0.819999999999709,-0.33999999999991815,Medium
11,182,58,70.84843,12.848426818847656,4.480000000000473,0.01999999999998181,Medium
11,183,57,67.40233,10.402328491210938,-2.7100000000000364,0.18999999999994088,Medium
11,184,56,59.863106,3.8631057739257812,4.269999999999527,0.12999999999999545,Medium
11,185,55,58.16392,3.163921356201172,-8.639999999999418,-0.05999999999994543,Medium
11,186,54,60.97039,6.970390319824219,3.0299999999997453,-0.25,Medium
11,187,53,60.431343,7.431343078613281,6.019999999999527,-0.2799999999999727,Medium
11,188,52,56.382774,4.382774353027344,0.5399999999999636,0.8700000000000045,Medium
11,189,51,54.05883,3.0588302612304688,5.650000000000546,-0.7400000000000091,Medium
11,190,50,51.577282,1.5772819519042969,-6.890000000000327,0.2899999999999636,Medium
11,191,49,50.992886,1.9928855895996094,3.8900000000003274,-0.2999999999999545,Medium
11,192,48,52.92417,4.924171447753906,-0.43000000000029104,-0.19000000000005457,Medium
11,193,47,43.81157,-3.1884307861328125,0.4400000000005093,0.37000000000000455,Medium
11,194,46,45.924065,-0.07593536376953125,-4.0700000000006185,0.4700000000000273,Medium
11,195,45,45.8165,0.8165016174316406,1.0300000000006548,0.2899999999999636,Medium
11,196,44,42.1176,-1.8824005126953125,3.8599999999996726,-0.13999999999998636,Medium
11,197,43,40.391712,-2.608287811279297,1.050000000000182,-0.4199999999999591,Medium
11,198,42,39.32419,-2.675811767578125,0.27999999999974534,0.39999999999997726,Medium
11,199,41,39.506847,-1.4931526184082031,-2.6899999999996,-0.4700000000000273,Medium
11,200,40,36.266666,-3.7333335876464844,6.75,0.07000000000005002,Medium
11,201,39,35.5479,-3.452098846435547,0.6499999999996362,-0.08000000000004093,Medium
11,202,38,38.04801,0.04801177978515625,0.18000000000029104,0.08000000000004093,Medium
11,203,37,34.57906,-2.420940399169922,-1.3800000000001091,0.4499999999999318,Medium
11,204,36,29.692196,-6.307804107666016,4.719999999999345,-0.2599999999999909,High
11,205,35,31.13307,-3.8669300079345703,-1.4600000000000364,0.3100000000000591,Medium
11,206,34,32.25036,-1.7496414184570312,-5.099999999999454,-0.2600000000001046,Medium
11,207,33,31.34312,-1.6568794250488281,11.149999999999636,-0.5299999999999727,Medium
11,208,32,31.245718,-0.7542819976806641,-6.5,0.8899999999999864,Medium
11,209,31,30.284742,-0.7152576446533203,1.8699999999998909,-0.6299999999999955,Medium
11,210,30,28.21617,-1.7838306427001953,3.480000000000473,1.3000000000000682,High
11,211,29,27.388739,-1.6112613677978516,-4.069999999999709,-1.2300000000000182,High
11,212,28,26.50048,-1.4995193481445312,6.1799999999993815,0.4499999999999318,High
11,213,27,26.266352,-0.7336483001708984,-2.0100000000002183,-0.33999999999991815,High
11,214,26,25.14022,-0.8597793579101562,-3.0,0.2699999999999818,High
11,215,25,27.082275,2.082275390625,6.350000000000364,0.0,High
11,216,24,26.83952,2.839519500732422,5.770000000000437,-0.13999999999998636,High
11,217,23,27.490633,4.490633010864258,-4.670000000000073,-0.15999999999996817,High
11,218,22,23.877922,1.8779220581054688,0.9299999999993815,0.4899999999998954,High
11,219,21,24.628262,3.6282615661621094,-3.5999999999994543,-0.5199999999999818,High
11,220,20,24.935665,4.935665130615234,8.659999999999854,0.2699999999999818,High
11,221,19,23.719795,4.719795227050781,1.9899999999997817,0.21000000000003638,High
11,222,18,23.086937,5.086936950683594,0.5799999999999272,-0.009999999999990905,High
11,223,17,23.579142,6.579141616821289,-0.020000000000436557,-0.11000000000001364,High
11,224,16,23.088356,7.088356018066406,0.3900000000012369,-0.07999999999992724,High
11,225,15,20.071636,5.071636199951172,1.8499999999985448,0.08999999999991815,High
11,226,14,19.219217,5.219217300415039,0.6400000000012369,-0.01999999999998181,High
11,227,13,14.688025,1.6880254745483398,3.719999999999345,-0.22000000000002728,High
11,228,12,13.230171,1.2301712036132812,4.130000000001019,0.20000000000004547,High
11,229,11,12.326941,1.3269405364990234,-0.43000000000029104,0.3300000000000409,High
11,230,10,11.21881,1.2188100814819336,-0.8299999999999272,-0.12000000000000455,High
11,231,9,11.564793,2.5647926330566406,3.8099999999994907,0.31999999999993634,High
11,232,8,8.62954,0.6295404434204102,3.0599999999994907,-0.1999999999999318,High
11,233,7,8.729507,1.7295074462890625,0.1499999999996362,-0.17000000000007276,High
11,234,6,9.50702,3.5070199966430664,-1.2699999999986176,0.25,High
11,235,5,8.109571,3.1095714569091797,0.37999999999919964,-0.42999999999995,High
11,236,4,10.472072,6.472071647644043,0.680000000000291,0.37999999999999545,High
11,237,3,9.733253,6.73325252532959,-2.030000000000655,-0.10000000000002274,High
11,238,2,7.7862363,5.78623628616333,6.5900000000001455,-0.2300000000000182,High
11,239,1,4.831493,3.8314929008483887,3.790000000000873,0.40999999999996817,High
11,240,0,3.690911,3.690911054611206,-0.3999999999996362,-0.15999999999996817,High
13,1,162,127.103004,-34.896995544433594,0.0,0.0,Low
13,2,161,120.427,-40.572998046875,3.25,0.6699999999999591,Low
13,3,160,105.748276,-54.25172424316406,2.100000000000364,-0.37999999999999545,Low
13,4,159,102.41093,-56.589073181152344,-4.050000000000182,0.4399999999999409,Low
13,5,158,103.9859,-54.01409912109375,0.010000000000218279,0.10000000000002274,Low
13,6,157,105.38536,-51.61463928222656,1.2399999999997817,0.06000000000005912,Low
13,7,156,105.82596,-50.174041748046875,6.4099999999998545,-0.13999999999998636,Low
13,8,155,107.72498,-47.27501678466797,-8.829999999999927,-0.2800000000000864,Low
13,9,154,105.05208,-48.94792175292969,4.380000000000109,0.35000000000002274,Low
13,10,153,106.627045,-46.372955322265625,-5.069999999999709,-0.4500000000000455,Low
13,11,152,109.40177,-42.598228454589844,1.2799999999997453,0.5,Low
13,12,151,100.01331,-50.98668670654297,7.880000000000109,-0.8999999999999773,Low
13,13,150,110.44824,-39.5517578125,-4.75,1.3400000000000318,Low
13,14,149,114.94699,-34.053009033203125,3.1899999999996,-1.0299999999999727,Low
13,15,148,114.60274,-33.39726257324219,-7.8400000000001455,0.5699999999999363,Low
13,16,147,116.51518,-30.484817504882812,5.650000000000546,-0.1999999999999318,Low
13,17,146,115.09961,-30.900390625,-1.1000000000003638,0.4199999999999591,Low
13,18,145,107.349815,-37.650184631347656,-5.809999999999491,-0.92999999999995,Low
13,19,144,116.85889,-27.14111328125,1.639999999999418,0.38999999999998636,Low
13,20,143,109.00002,-33.999977111816406,2.3900000000003274,0.2999999999999545,Low
13,21,142,110.36083,-31.63916778564453,-2.7600000000002183,-0.5199999999999818,Low
13,22,141,114.18663,-26.813369750976562,7.110000000000582,0.7699999999999818,Low
13,23,140,110.57558,-29.424423217773438,-6.520000000000437,-0.4199999999999591,Low
13,24,139,109.25258,-29.747421264648438,2.949999999999818,0.35000000000002274,Low
13,25,138,109.02716,-28.97283935546875,-2.7799999999997453,-0.8500000000000227,Low
13,26,137,108.84474,-28.155258178710938,1.269999999999527,0.09000000000003183,Low
13,27,136,110.599976,-25.4000244140625,7.0900000000001455,0.8199999999999363,Low
13,28,135,115.06882,-19.931182861328125,-0.6999999999998181,-0.4500000000000455,Low
13,29,134,111.60949,-22.39051055908203,-4.4399999999996,0.3300000000000409,Low
13,30,133,106.90323,-26.096771240234375,2.9299999999993815,-0.18999999999994088,Low
13,31,132,109.37569,-22.624313354492188,-0.589999999999236,-0.40000000000009095,Low
13,32,131,109.40833,-21.59166717529297,-1.0300000000006548,0.4500000000000455,Low
13,33,130,113.02301,-16.97698974609375,2.8400000000001455,-0.2699999999999818,Low
13,34,129,113.23319,-15.766807556152344,-6.390000000000327,-0.12999999999999545,Low
13,35,128,113.295074,-14.704925537109375,2.240000000000691,0.2599999999999909,Low
13,36,127,116.05629,-10.943710327148438,-3.4400000000005093,-0.029999999999972715,Low
13,37,126,110.62267,-15.377326965332031,0.4000000000005457,0.09999999999990905,Low
13,38,125,110.84229,-14.157707214355469,3.5299999999997453,0.010000000000104592,Low
13,39,124,107.44892,-16.55107879638672,5.1899999999996,-0.06000000000005912,Low
13,40,123,100.646286,-22.353713989257812,-6.649999999999636,-0.6399999999999864,Low
13,41,122,96.533615,-25.466384887695312,3.3400000000001455,0.2400000000000091,Low
13,42,121,98.26602,-22.733978271484375,-1.6900000000005093,0.6299999999999955,Low
13,43,120,99.32899,-20.67101287841797,1.860000000000582,-0.20000000000004547,Low
13,44,119,98.97676,-20.023239135742188,-1.0600000000004002,-0.2099999999999227,Low
13,45,118,100.14949,-17.850509643554688,-0.6300000000001091,0.31999999999993634,Low
13,46,117,97.586235,-19.41376495361328,0.9400000000005093,0.09000000000003183,Low
13,47,116,96.51173,-19.48827362060547,2.4799999999995634,-0.7200000000000273,Low
13,48,115,104.002846,-10.997154235839844,-7.9099999999998545,0.7100000000000364,Low
13,49,114,107.46177,-6.538230895996094,8.420000000000073,0.05999999999994543,Low
13,50,113,106.85828,-6.1417236328125,-5.6599999999998545,-0.01999999999998181,Low
13,51,112,110.556274,-1.4437255859375,-4.8400000000001455,-0.92999999999995,Low
13,52,111,103.73657,-7.263427734375,11.529999999999745,0.599999999999909,Low
13,53,110,104.65085,-5.349151611328125,-2.899999999999636,0.06000000000005912,Low
13,54,109,104.06751,-4.932487487792969,1.9099999999998545,-0.25,Low
13,55,108,103.09976,-4.900238037109375,-0.47999999999956344,0.5499999999999545,Low
13,56,107,105.75386,-1.2461395263671875,1.8599999999996726,-0.7099999999999227,Low
13,57,106,105.82862,-0.17137908935546875,-2.6700000000000728,0.5699999999999363,Low
13,58,105,101.53902,-3.4609832763671875,-2.7799999999997453,-0.40999999999996817,Low
13,59,104,98.68904,-5.3109588623046875,-4.650000000000546,0.2400000000000091,Low
13,60,103,96.672424,-6.32757568359375,12.920000000000073,-0.10000000000002274,Low
13,61,102,96.866516,-5.13348388671875,-4.109999999999673,0.12000000000000455,Low
13,62,101,93.062935,-7.937065124511719,-2.9899999999997817,-0.39999999999997726,Low
13,63,100,91.63007,-8.369926452636719,-3.630000000000109,0.37999999999999545,Low
13,64,99,96.73152,-2.2684783935546875,3.4399999999996,0.18999999999994088,Low
13,65,98,98.97464,0.974639892578125,-5.559999999999491,-0.1999999999999318,Low
13,66,97,97.38067,0.38066864013671875,11.589999999999236,0.07999999999992724,Low
13,67,96,108.1008,12.100799560546875,-4.899999999999636,0.17000000000007276,Low
13,68,95,107.09035,12.090347290039062,3.0,0.1999999999999318,Low
13,69,94,105.750046,11.750045776367188,-5.489999999999782,-0.10999999999989996,Low
13,70,93,108.4729,15.472900390625,1.269999999999527,-0.7200000000000273,Low
13,71,92,110.68592,18.68592071533203,3.600000000000364,0.5099999999999909,Low
13,72,91,101.48903,10.489028930664062,-5.149999999999636,-0.19000000000005457,Low
13,73,90,99.92637,9.926368713378906,-2.7000000000007276,0.38999999999998636,Low
13,74,89,97.377945,8.377944946289062,8.780000000000655,-0.05999999999994543,Low
13,75,88,106.93333,18.933326721191406,-2.2000000000007276,-0.14999999999997726,Low
13,76,87,107.935684,20.935684204101562,0.5100000000002183,0.03999999999996362,Low
13,77,86,105.801384,19.80138397216797,-1.2399999999997817,0.22000000000002728,Low
13,78,85,108.60656,23.60655975341797,-6.5600000000004,0.36000000000001364,Low
13,79,84,107.61598,23.615982055664062,11.180000000000291,-0.4600000000000364,Low
13,80,83,102.79429,19.794288635253906,-4.460000000000036,-0.12999999999999545,Low
13,81,82,96.6538,14.653800964355469,5.850000000000364,-0.6200000000000045,Low
13,82,81,88.615776,7.615776062011719,1.8099999999994907,0.7699999999999818,Low
13,83,80,93.552246,13.55224609375,-2.5100000000002183,-0.42999999999995,Low
13,84,79,97.45676,18.456756591796875,-6.519999999999527,0.2699999999999818,Low
13,85,78,95.19631,17.196311950683594,7.0900000000001455,-0.21000000000003638,Low
13,86,77,92.883644,15.883644104003906,-7.329999999999927,0.42000000000007276,Low
13,87,76,91.9142,15.914199829101562,2.7899999999999636,-0.020000000000095497,Low
13,88,75,81.381516,6.3815155029296875,3.300000000000182,0.2700000000000955,Low
13,89,74,79.82503,5.8250274658203125,-2.9600000000000364,-0.42000000000007276,Medium
13,90,73,85.62503,12.625030517578125,1.389999999999418,0.43000000000006366,Low
13,91,72,88.46874,16.46874237060547,4.3200000000006185,-0.37000000000000455,Low
13,92,71,87.9174,16.917396545410156,-1.5700000000006185,0.2099999999999227,Low
13,93,70,81.06034,11.060340881347656,1.2700000000004366,-0.2599999999999909,Low
13,94,69,82.855835,13.8558349609375,1.3499999999994543,0.16000000000008185,Low
13,95,68,78.62199,10.621986389160156,2.869999999999891,-0.37000000000000455,Medium
13,96,67,79.194954,12.194953918457031,-3.9199999999991633,-0.07000000000005002,Medium
13,97,66,81.845566,15.845565795898438,-2.600000000000364,0.4700000000000273,Low
13,98,65,80.061005,15.061004638671875,1.8699999999998909,-0.09000000000003183,Low
13,99,64,75.20306,11.203056335449219,2.699999999999818,-0.3300000000000409,Medium
13,100,63,87.124016,24.12401580810547,-0.6399999999994179,0.22000000000002728,Low
13,101,62,74.85412,12.854118347167969,1.199999999999818,0.20000000000004547,Medium
13,102,61,69.693504,8.693504333496094,-4.329999999999927,-0.3300000000000409,Medium
13,103,60,70.513275,10.513275146484375,1.300000000000182,0.8700000000000045,Medium
13,104,59,69.659485,10.65948486328125,2.219999999999345,-1.1599999999999682,Medium
13,105,58,72.15149,14.1514892578125,0.8600000000005821,0.2300000000000182,Medium
13,106,57,71.20202,14.202018737792969,-2.050000000000182,0.7300000000000182,Medium
13,107,56,68.230606,12.230606079101562,5.389999999999418,-0.37000000000000455,Medium
13,108,55,66.31421,11.314208984375,-3.4399999999996,0.2599999999999909,Medium
13,109,54,62.675316,8.675315856933594,1.300000000000182,-0.6399999999999864,Medium
13,110,53,58.427517,5.427516937255859,3.2899999999999636,0.5599999999999454,Medium
13,111,52,58.051983,6.051982879638672,-3.5200000000004366,0.14999999999997726,Medium
13,112,51,58.45716,7.457160949707031,1.8900000000003274,-0.37999999999999545,Medium
13,113,50,59.012283,9.012283325195312,2.380000000000109,0.01999999999998181,Medium
13,114,49,56.945496,7.94549560546875,-1.1199999999998909,-0.03999999999996362,Medium
13,115,48,56.53005,8.530048370361328,-3.1500000000005457,-0.10000000000002274,Medium
13,116,47,52.492672,5.492671966552734,4.380000000000109,0.6100000000000136,Medium
13,117,46,49.528397,3.5283966064453125,4.420000000000073,-0.2699999999999818,Medium
13,118,45,49.589268,4.589267730712891,-1.4600000000000364,-0.92999999999995,Medium
13,119,44,47.86224,3.8622398376464844,-6.729999999999563,1.0599999999999454,Medium
13,120,43,54.0782,11.078201293945312,11.489999999999782,-0.8500000000000227,Medium
13,121,42,50.89791,8.897911071777344,-6.210000000000036,0.6599999999999682,Medium
13,122,41,49.172024,8.17202377319336,4.039999999999964,-0.049999999999954525,Medium
13,123,40,53.233727,13.233726501464844,2.9399999999996,0.11000000000001364,Medium
13,124,39,46.3728,7.372798919677734,1.3100000000004002,-0.36000000000001364,Medium
13,125,38,50.731754,12.731754302978516,-6.9099999999998545,0.2699999999999818,Medium
13,126,37,50.865013,13.865013122558594,5.989999999999782,0.6399999999999864,Medium
13,127,36,51.754765,15.754764556884766,-3.899999999999636,-0.9599999999999227,Medium
13,128,35,44.375935,9.375934600830078,2.75,0.5599999999999454,Medium
13,129,34,44.370823,10.37082290649414,-3.25,-0.67999999999995,Medium
13,130,33,40.642723,7.642723083496094,5.25,0.4599999999999227,Medium
13,131,32,37.597706,5.597705841064453,1.389999999999418,0.020000000000095497,Medium
13,132,31,38.883827,7.883827209472656,0.6300000000001091,-0.12000000000000455,Medium
13,133,30,38.314705,8.314704895019531,1.0,0.2199999999999136,Medium
13,134,29,39.19263,10.192630767822266,-0.3899999999994179,0.5200000000000955,Medium
13,135,28,37.495407,9.495407104492188,-0.9700000000002547,-0.7100000000000364,Medium
13,136,27,38.57568,11.575679779052734,6.369999999999891,0.2599999999999909,Medium
13,137,26,33.560677,7.560676574707031,-0.8599999999996726,-0.12999999999999545,Medium
13,138,25,33.062237,8.062236785888672,2.6599999999998545,-0.18000000000006366,Medium
13,139,24,32.189056,8.189056396484375,-4.140000000000327,0.21000000000003638,Medium
13,140,23,28.937513,5.93751335144043,2.8299999999999272,0.13999999999998636,High
13,141,22,28.911522,6.911521911621094,1.5200000000004366,-0.2099999999999227,High
13,142,21,25.537153,4.537153244018555,5.849999999999454,0.25,High
13,143,20,25.28222,5.282220840454102,-0.5399999999999636,-0.4800000000000182,High
13,144,19,27.186846,8.186845779418945,5.170000000000073,0.03999999999996362,High
13,145,18,26.294115,8.29411506652832,-0.8699999999998909,0.12000000000000455,High
13,146,17,22.289206,5.289205551147461,-3.0,0.7100000000000364,High
13,147,16,22.159077,6.159076690673828,3.480000000000473,-0.4800000000000182,High
13,148,15,20.360569,5.360569000244141,-2.1500000000005457,-0.01999999999998181,High
13,149,14,19.913857,5.913856506347656,3.5799999999999272,0.25,High
13,150,13,19.25589,6.255889892578125,4.150000000000546,-0.07000000000005002,High
13,151,12,15.720888,3.720888137817383,6.799999999999272,0.21000000000003638,High
13,152,11,14.669765,3.6697654724121094,-3.459999999999127,-0.06000000000005912,High
13,153,10,13.795141,3.7951412200927734,1.180000000000291,0.19000000000005457,High
13,154,9,12.94595,3.9459495544433594,5.899999999999636,-0.5,High
13,155,8,12.82469,4.824689865112305,5.75,-0.14999999999997726,High
13,156,7,13.446354,6.446353912353516,0.6399999999994179,0.6299999999999955,High
13,157,6,9.677973,3.6779727935791016,1.5100000000002183,-0.2800000000000864,High
13,158,5,8.773651,3.773651123046875,1.4699999999993452,-0.2599999999999909,High
13,159,4,5.7623153,1.762315273284912,3.960000000000946,0.36000000000001364,High
13,160,3,4.6648355,1.6648354530334473,-1.9899999999997817,0.2400000000000091,High
13,161,2,4.49976,2.499760150909424,-0.6900000000005093,-0.2699999999999818,High
13,162,1,3.496175,2.4961750507354736,8.19000000000051,0.37000000000000455,High
13,163,0,4.1111197,4.111119747161865,-6.680000000000291,0.38999999999998636,High
19,1,157,122.2175,-34.782501220703125,0.0,0.0,Low
19,2,156,110.96292,-45.037078857421875,0.9099999999998545,0.2700000000000955,Low
19,3,155,116.26227,-38.73773193359375,-1.3800000000001091,0.5499999999999545,Low
19,4,154,116.4333,-37.56670379638672,1.5200000000004366,-0.8400000000000318,Low
19,5,153,118.116974,-34.883026123046875,4.1599999999998545,-0.12000000000000455,Low
19,6,152,116.68697,-35.313026428222656,-4.489999999999782,0.44000000000005457,Low
19,7,151,116.35163,-34.64836883544922,4.779999999999745,-0.12999999999999545,Low
19,8,150,110.61873,-39.38127136230469,2.4400000000005093,-0.08000000000004093,Low
19,9,149,114.55077,-34.44922637939453,-7.020000000000437,0.39999999999997726,Low
19,10,148,108.17418,-39.82582092285156,8.720000000000255,-0.5,Low
19,11,147,111.92876,-35.07124328613281,-3.6500000000005457,0.5900000000000318,Low
19,12,146,106.43392,-39.566078186035156,-4.960000000000036,-0.029999999999972715,Low
19,13,145,111.64516,-33.35484313964844,6.300000000000182,-0.75,Low
19,14,144,106.34173,-37.65827178955078,-6.380000000000109,0.8600000000000136,Low
19,15,143,101.140465,-41.859535217285156,0.13000000000010914,-0.4600000000000364,Low
19,16,142,106.235504,-35.764495849609375,6.680000000000291,-0.5499999999999545,Low
19,17,141,97.25589,-43.744110107421875,-0.6499999999996362,0.32999999999992724,Low
19,18,140,107.08855,-32.91145324707031,-7.350000000000364,0.6399999999999864,Low
19,19,139,101.94906,-37.050941467285156,5.510000000000218,-0.7199999999999136,Low
19,20,138,104.64307,-33.35693359375,0.7399999999997817,0.25,Low
19,21,137,114.437,-22.563003540039062,-1.0200000000004366,0.05999999999994543,Low
19,22,136,117.155914,-18.844085693359375,2.2700000000004366,-0.5299999999999727,Low
19,23,135,113.92473,-21.075271606445312,-0.3100000000004002,0.5,Low
19,24,134,112.565765,-21.434234619140625,-6.25,0.16999999999995907,Low
19,25,133,115.34021,-17.6597900390625,1.860000000000582,-0.2300000000000182,Low
19,26,132,113.786064,-18.21393585205078,-1.430000000000291,-0.2999999999999545,Low
19,27,131,110.297615,-20.70238494873047,13.899999999999636,0.5800000000000409,Low
19,28,130,114.27905,-15.720947265625,-7.949999999999818,-0.8799999999999955,Low
19,29,129,111.81206,-17.187942504882812,-10.269999999999527,-0.16000000000008185,Low
19,30,128,116.64441,-11.3555908203125,5.319999999999709,0.6299999999999955,Low
19,31,127,111.88386,-15.116142272949219,5.8100000000004,0.15000000000009095,Low
19,32,126,110.018166,-15.981834411621094,-5.75,0.15999999999996817,Low
19,33,125,96.891815,-28.108184814453125,9.859999999999673,0.11000000000001364,Low
19,34,124,98.1474,-25.85260009765625,-6.819999999999709,-0.34000000000003183,Low
19,35,123,102.17525,-20.824752807617188,-0.6500000000005457,0.029999999999972715,Low
19,36,122,99.82875,-22.171249389648438,-0.6199999999998909,0.18000000000006366,Low
19,37,121,106.40627,-14.593727111816406,-2.2600000000002183,0.029999999999972715,Low
19,38,120,103.953926,-16.04607391357422,1.75,-0.009999999999990905,Low
19,39,119,108.3186,-10.681396484375,-0.589999999999236,-0.6200000000000045,Low
19,40,118,107.40489,-10.595108032226562,-2.790000000000873,0.6599999999999682,Low
19,41,117,110.3471,-6.652900695800781,5.580000000000837,0.09000000000003183,Low
19,42,116,118.2971,2.2970962524414062,-2.1900000000005093,-0.2400000000000091,Low
19,43,115,115.01192,0.0119171142578125,5.199999999999818,-0.01999999999998181,Low
19,44,114,118.89666,4.896659851074219,-9.729999999999563,-0.6900000000000546,Low
19,45,113,114.58336,1.5833587646484375,10.1899999999996,0.37000000000000455,Low
19,46,112,120.80797,8.807968139648438,-3.1599999999998545,0.2799999999999727,Low
19,47,111,119.73992,8.739921569824219,-3.319999999999709,-0.09999999999990905,Low
19,48,110,114.805695,4.805694580078125,0.11999999999989086,0.14999999999997726,Low
19,49,109,115.13629,6.13629150390625,0.06999999999970896,0.029999999999972715,Low
19,50,108,113.59278,5.592781066894531,2.7200000000002547,0.009999999999990905,Low
19,51,107,114.934525,7.9345245361328125,-1.449999999999818,-0.2599999999999909,Low
19,52,106,110.75606,4.7560577392578125,-5.400000000000546,-0.08000000000004093,Low
19,53,105,110.47338,5.473381042480469,-1.0299999999997453,0.6299999999999955,Low
19,54,104,106.95484,2.9548416137695312,6.800000000000182,-0.2699999999999818,Low
19,55,103,102.74828,-0.25171661376953125,2.769999999999527,-0.09999999999990905,Low
19,56,102,110.26211,8.262107849121094,-6.839999999999236,0.16999999999995907,Low
19,57,101,107.80734,6.807342529296875,-0.6700000000000728,-0.009999999999990905,Low
19,58,100,104.2093,4.209297180175781,-0.4000000000005457,-0.11000000000001364,Low
19,59,99,104.77129,5.771293640136719,8.020000000000437,-0.07000000000005002,Low
19,60,98,102.90711,4.907112121582031,-7.890000000000327,0.009999999999990905,Low
19,61,97,98.243164,1.2431640625,3.319999999999709,-0.18999999999994088,Low
19,62,96,90.33565,-5.6643524169921875,-7.1599999999998545,-0.21000000000003638,Low
19,63,95,95.965775,0.9657745361328125,6.520000000000437,0.08000000000004093,Low
19,64,94,101.93312,7.9331207275390625,2.449999999999818,0.6499999999999773,Low
19,65,93,109.21598,16.215980529785156,-4.130000000000109,-0.16999999999995907,Low
19,66,92,102.22128,10.221282958984375,6.100000000000364,0.30999999999994543,Low
19,67,91,99.59163,8.591629028320312,-3.8100000000004,-0.6000000000000227,Low
19,68,90,97.866005,7.866004943847656,2.4700000000002547,0.10000000000002274,Low
19,69,89,101.18929,12.189292907714844,0.9799999999995634,0.14999999999997726,Low
19,70,88,99.68241,11.682411193847656,-5.880000000000109,-0.15999999999996817,Low
19,71,87,101.8052,14.805198669433594,6.910000000000764,0.6900000000000546,Low
19,72,86,101.3196,15.319602966308594,-4.670000000000073,-0.2599999999999909,Low
19,73,85,98.20317,13.203170776367188,1.139999999999418,0.10999999999989996,Low
19,74,84,105.45202,21.45201873779297,1.0300000000006548,-0.6099999999999,Low
19,75,83,91.8534,8.853401184082031,0.2999999999992724,0.599999999999909,Low
19,76,82,93.56704,11.567039489746094,1.7400000000006912,-0.07999999999992724,Low
19,77,81,88.794846,7.7948455810546875,-1.0399999999999636,-0.19000000000005457,Low
19,78,80,89.18965,9.189651489257812,0.5599999999994907,-0.05999999999994543,Low
19,79,79,88.66763,9.667633056640625,-4.149999999999636,0.17999999999994998,Low
19,80,78,83.88258,5.8825836181640625,1.769999999999527,-0.35000000000002274,Low
19,81,77,72.81562,-4.184379577636719,-0.5199999999995271,1.4500000000000455,Medium
19,82,76,78.29312,2.293121337890625,2.3599999999996726,-1.1399999999999864,Medium
19,83,75,75.52039,0.5203933715820312,-6.180000000000291,-0.3100000000000591,Medium
19,84,74,74.480965,0.48096466064453125,5.110000000000582,0.09000000000003183,Medium
19,85,73,76.727196,3.7271957397460938,-2.2200000000002547,0.2799999999999727,Medium
19,86,72,72.79401,0.79400634765625,6.630000000000109,-0.029999999999972715,Medium
19,87,71,70.46074,-0.5392608642578125,-8.289999999999964,-0.2599999999999909,Medium
19,88,70,71.63749,1.6374893188476562,5.729999999999563,0.19000000000005457,Medium
19,89,69,57.580376,-11.419624328613281,0.4400000000005093,-0.17000000000007276,Medium
19,90,68,50.400425,-17.59957504272461,-5.5,0.03999999999996362,Medium
19,91,67,62.591526,-4.408473968505859,7.359999999999673,0.2900000000000773,Medium
19,92,66,64.181,-1.819000244140625,-3.119999999999891,-0.32000000000005,Medium
19,93,65,55.435608,-9.56439208984375,0.3599999999996726,0.12000000000000455,Medium
19,94,64,51.109055,-12.890945434570312,-1.9099999999998545,0.7599999999999909,Medium
19,95,63,48.75374,-14.246261596679688,-2.0499999999992724,-0.5799999999999272,Medium
19,96,62,43.501007,-18.498992919921875,0.9899999999997817,-0.030000000000086402,Medium
19,97,61,43.865353,-17.134647369384766,2.7100000000000364,0.16000000000008185,Medium
19,98,60,38.97932,-21.020679473876953,2.449999999999818,0.049999999999954525,Medium
19,99,59,41.176632,-17.823368072509766,-3.7899999999999636,-0.2799999999999727,Medium
19,100,58,37.57082,-20.429180145263672,0.3599999999996726,0.2300000000000182,Medium
19,101,57,42.223316,-14.776683807373047,-1.769999999999527,0.0,Medium
19,102,56,36.238586,-19.76141357421875,-3.480000000000473,-0.21000000000003638,Medium
19,103,55,36.55596,-18.44403839111328,3.8299999999999272,-0.6399999999999864,Medium
19,104,54,35.938457,-18.061542510986328,-6.9399999999996,0.7799999999999727,Medium
19,105,53,41.126545,-11.873455047607422,1.7600000000002183,-0.2799999999999727,Medium
19,106,52,32.408047,-19.59195327758789,7.4299999999993815,0.0,Medium
19,107,51,39.31968,-11.680320739746094,-4.359999999999673,0.37000000000000455,Medium
19,108,50,53.828888,3.828887939453125,-4.0900000000001455,-0.6700000000000728,Medium
19,109,49,44.08947,-4.910530090332031,1.550000000000182,0.40000000000009095,Medium
19,110,48,46.612804,-1.3871955871582031,3.630000000000109,0.36000000000001364,Medium
19,111,47,42.34391,-4.656089782714844,0.569999999999709,-0.05000000000006821,Medium
19,112,46,47.043133,1.0431327819824219,1.6099999999996726,-0.12000000000000455,Medium
19,113,45,42.217155,-2.7828445434570312,-4.669999999999163,0.6100000000000136,Medium
19,114,44,35.292,-8.708000183105469,8.489999999999782,-0.38999999999998636,Medium
19,115,43,36.502583,-6.497417449951172,-4.720000000000255,-0.5099999999999909,Medium
19,116,42,32.809746,-9.190254211425781,-3.8299999999999272,-0.13999999999998636,Medium
19,117,41,37.19941,-3.8005905151367188,4.760000000000218,-0.05000000000006821,Medium
19,118,40,36.87107,-3.1289291381835938,-3.3400000000001455,0.38999999999998636,Medium
19,119,39,34.77288,-4.227119445800781,-0.07999999999992724,-0.06999999999993634,Medium
19,120,38,33.790607,-4.209392547607422,1.7299999999995634,0.4500000000000455,Medium
19,121,37,29.763227,-7.236772537231445,1.0900000000001455,-0.2400000000000091,High
19,122,36,27.073605,-8.926395416259766,-2.619999999999891,0.7099999999999227,High
19,123,35,30.453947,-4.546052932739258,-5.010000000000218,-1.419999999999959,Medium
19,124,34,34.50371,0.5037117004394531,2.8400000000001455,0.40999999999996817,Medium
19,125,33,31.045639,-1.9543609619140625,1.7799999999997453,0.7100000000000364,Medium
19,126,32,31.680534,-0.31946563720703125,-3.1899999999996,-0.5199999999999818,Medium
19,127,31,31.705557,0.7055568695068359,6.630000000000109,0.15999999999996817,Medium
19,128,30,28.270231,-1.7297687530517578,-6.0600000000004,-0.07000000000005002,High
19,129,29,28.544605,-0.4553947448730469,3.300000000000182,0.2600000000001046,High
19,130,28,23.897516,-4.102483749389648,5.130000000000109,-0.030000000000086402,High
19,131,27,25.359108,-1.6408920288085938,-7.850000000000364,-0.42999999999995,High
19,132,26,24.387714,-1.6122856140136719,-0.7999999999992724,0.40999999999996817,High
19,133,25,21.745382,-3.254617691040039,-2.740000000000691,-0.31999999999993634,High
19,134,24,22.206144,-1.7938556671142578,1.5900000000001455,0.38999999999998636,High
19,135,23,22.828545,-0.17145538330078125,1.4700000000002547,-0.3300000000000409,High
19,136,22,24.917336,2.9173355102539062,-0.9700000000002547,-0.21000000000003638,High
19,137,21,21.513327,0.5133266448974609,-2.869999999999891,0.36000000000001364,High
19,138,20,21.039528,1.0395278930664062,1.5600000000004002,-0.16999999999995907,High
19,139,19,18.441242,-0.5587577819824219,2.9899999999997817,0.42999999999995,High
19,140,18,20.294006,2.29400634765625,0.6499999999996362,-0.2199999999999136,High
19,141,17,20.650555,3.650554656982422,-1.7899999999999636,-0.09000000000003183,High
19,142,16,20.504816,4.504816055297852,-0.22999999999956344,0.4199999999999591,High
19,143,15,16.872154,1.8721542358398438,7.759999999999309,0.14999999999997726,High
19,144,14,14.450134,0.45013427734375,-6.329999999999927,-0.12000000000000455,High
19,145,13,14.397275,1.3972749710083008,-5.309999999999491,-0.8899999999999864,High
19,146,12,13.21164,1.2116403579711914,0.15999999999985448,0.2400000000000091,High
19,147,11,12.0021515,1.0021514892578125,1.300000000000182,0.4500000000000455,High
19,148,10,11.080536,1.080535888671875,-1.8800000000001091,-0.4700000000000273,High
19,149,9,12.738456,3.7384557723999023,7.890000000000327,0.5600000000000591,High
19,150,8,8.968395,0.9683952331542969,-4.490000000000691,-0.06000000000005912,High
19,151,7,7.307219,0.3072190284729004,0.18000000000029104,0.43000000000006366,High
19,152,6,7.043755,1.043755054473877,2.75,-0.2800000000000864,High
19,153,5,7.0013795,2.0013794898986816,-5.270000000000437,-0.2099999999999227,High
19,154,4,5.7980103,1.7980103492736816,0.9700000000002547,0.5399999999999636,High
19,155,3,5.764481,2.7644810676574707,1.2100000000000364,-1.07000000000005,High
19,156,2,5.205173,3.2051730155944824,1.449999999999818,0.5200000000000955,High
19,157,1,6.790548,5.790547847747803,-7.489999999999782,-0.010000000000104592,High
19,158,0,6.047115,6.047114849090576,4.270000000000437,-0.08999999999991815,High
23,1,167,123.789505,-43.21049499511719,0.0,0.0,Low
23,2,166,110.03375,-55.96624755859375,-2.519999999999527,0.37999999999999545,Low
23,3,165,111.5077,-53.49230194091797,3.0599999999994907,0.37000000000000455,Low
23,4,164,111.10153,-52.898468017578125,-0.8500000000003638,0.40999999999996817,Low
23,5,163,104.28303,-58.71697235107422,2.8100000000004,0.08000000000004093,Low
23,6,162,109.54693,-52.45307159423828,-1.449999999999818,-0.5900000000000318,Low
23,7,161,115.790436,-45.209564208984375,2.5900000000001455,-0.2799999999999727,Low
23,8,160,112.952736,-47.047264099121094,-5.360000000000582,0.06999999999993634,Low
23,9,159,111.99344,-47.006561279296875,4.369999999999891,-0.34999999999990905,Low
23,10,158,115.913704,-42.08629608154297,-3.4199999999991633,0.75,Low
23,11,157,112.46689,-44.533111572265625,-1.110000000000582,-0.82000000000005,Low
23,12,156,112.35194,-43.64806365966797,3.100000000000364,1.0199999999999818,Low
23,13,155,111.10489,-43.895111083984375,2.9299999999993815,-0.9700000000000273,Low
23,14,154,108.43552,-45.564483642578125,-3.6799999999993815,0.2300000000000182,Low
23,15,153,105.82039,-47.17961120605469,-0.8000000000001819,0.01999999999998181,Low
23,16,152,110.72905,-41.27095031738281,2.380000000000109,0.8500000000000227,Low
23,17,151,112.72615,-38.27384948730469,-2.180000000000291,-1.0499999999999545,Low
23,18,150,114.5166,-35.4833984375,-1.2899999999999636,0.8299999999999272,Low
23,19,149,107.6539,-41.346099853515625,2.2200000000002547,0.04000000000007731,Low
23,20,148,112.797455,-35.202545166015625,-3.930000000000291,-0.25,Low
23,21,147,105.06996,-41.93003845214844,0.6599999999998545,0.06999999999993634,Low
23,22,146,103.23666,-42.763343811035156,0.5,-0.049999999999954525,Low
23,23,145,107.59921,-37.400787353515625,4.020000000000437,-0.32000000000005,Low
23,24,144,113.047035,-30.952964782714844,1.3499999999994543,0.5200000000000955,Low
23,25,143,115.49676,-27.50324249267578,2.430000000000291,-0.2400000000000091,Low
23,26,142,114.65779,-27.342208862304688,-5.559999999999491,-0.04000000000007731,Low
23,27,141,108.6019,-32.398101806640625,-0.680000000000291,-0.2300000000000182,Low
23,28,140,100.576164,-39.42383575439453,3.4799999999995634,-0.049999999999954525,Low
23,29,139,109.80472,-29.195281982421875,-4.899999999999636,0.5,Low
23,30,138,107.53006,-30.469940185546875,8.449999999999818,-0.4199999999999591,Low
23,31,137,116.77468,-20.225318908691406,-6.609999999999673,-0.17000000000007276,Low
23,32,136,119.28854,-16.711456298828125,-2.3400000000001455,-0.25,Low
23,33,135,117.837,-17.163002014160156,9.859999999999673,0.20000000000004547,Low
23,34,134,116.81344,-17.186561584472656,-5.859999999999673,0.39999999999997726,Low
23,35,133,119.33484,-13.6651611328125,-5.789999999999964,0.4600000000000364,Low
23,36,132,116.392395,-15.60760498046875,0.0500000000001819,-0.8300000000000409,Low
23,37,131,116.58611,-14.413887023925781,-0.17000000000007276,0.5600000000000591,Low
23,38,130,113.333664,-16.666336059570312,1.449999999999818,-0.20000000000004547,Low
23,39,129,112.26641,-16.73358917236328,-0.5799999999999272,0.6499999999999773,Low
23,40,128,113.669235,-14.330764770507812,5.329999999999927,-0.2999999999999545,Low
23,41,127,107.6935,-19.306503295898438,2.3299999999999272,-0.5299999999999727,Low
23,42,126,107.28459,-18.715408325195312,-2.0399999999999636,0.10999999999989996,Low
23,43,125,104.44718,-20.552818298339844,-3.9700000000002547,-0.049999999999954525,Low
23,44,124,104.09861,-19.901390075683594,6.030000000000655,0.10000000000002274,Low
23,45,123,107.89773,-15.102272033691406,-2.7700000000004366,-0.2400000000000091,Low
23,46,122,108.975555,-13.024444580078125,-4.050000000000182,0.13999999999998636,Low
23,47,121,110.02307,-10.9769287109375,6.6599999999998545,0.2599999999999909,Low
23,48,120,110.48015,-9.519851684570312,2.160000000000764,-0.1999999999999318,Low
23,49,119,115.82181,-3.178192138671875,-7.920000000000073,-0.010000000000104592,Low
23,50,118,113.07024,-4.9297637939453125,3.649999999999636,-0.599999999999909,Low
23,51,117,116.11758,-0.8824234008789062,-2.4899999999997817,0.6100000000000136,Low
23,52,116,111.37997,-4.620033264160156,5.449999999999818,-0.12999999999999545,Low
23,53,115,112.44709,-2.5529098510742188,-6.710000000000036,-0.14000000000010004,Low
23,54,114,114.41787,0.41786956787109375,4.0600000000004,0.40000000000009095,Low
23,55,113,116.356964,3.356964111328125,-1.5600000000004002,0.4599999999999227,Low
23,56,112,111.235405,-0.7645950317382812,0.4499999999998181,-0.1999999999999318,Low
23,57,111,109.62585,-1.3741531372070312,-4.5,-0.15000000000009095,Low
23,58,110,106.06534,-3.934661865234375,3.8200000000006185,-0.7699999999999818,Low
23,59,109,114.383156,5.383155822753906,0.42000000000007276,0.7300000000000182,Low
23,60,108,114.62451,6.62451171875,-2.800000000000182,0.05000000000006821,Low
23,61,107,108.93532,1.9353179931640625,6.469999999999345,-0.35000000000002274,Low
23,62,106,108.66218,2.6621780395507812,0.3000000000001819,-0.2599999999999909,Low
23,63,105,109.791016,4.791015625,-7.6799999999993815,0.36000000000001364,Low
23,64,104,110.14126,6.141258239746094,1.9399999999995998,0.5699999999999363,Low
23,65,103,112.41424,9.414237976074219,3.680000000000291,-0.1999999999999318,Low
23,66,102,111.83636,9.836357116699219,0.07999999999992724,-0.21000000000003638,Low
23,67,101,111.04299,10.042991638183594,-3.949999999999818,0.03999999999996362,Low
23,68,100,112.92966,12.929656982421875,-2.2600000000002183,0.13999999999998636,Low
23,69,99,116.52609,17.526092529296875,-2.350000000000364,-0.11000000000001364,Low
23,70,98,113.86167,15.861671447753906,5.690000000000509,-0.5399999999999636,Low
23,71,97,120.15878,23.158782958984375,0.38000000000010914,-0.11000000000001364,Low
23,72,96,122.804405,26.804405212402344,1.9299999999993815,0.8300000000000409,Low
23,73,95,120.53928,25.539283752441406,-3.7200000000002547,-0.7200000000000273,Low
23,74,94,119.76758,25.767578125,-2.7299999999995634,0.049999999999954525,Low
23,75,93,121.39981,28.399810791015625,0.6400000000003274,-0.03999999999996362,Low
23,76,92,113.83126,21.831260681152344,-1.5399999999999636,0.5099999999999909,Low
23,77,91,117.99336,26.993362426757812,3.8099999999994907,-0.22000000000002728,Low
23,78,90,109.93891,19.93891143798828,4.619999999999891,-0.03999999999996362,Low
23,79,89,111.08327,22.083267211914062,-4.599999999999454,0.4900000000000091,Low
23,80,88,107.761795,19.761795043945312,5.029999999999745,-0.4399999999999409,Low
23,81,87,107.1919,20.19190216064453,-3.1099999999996726,0.75,Low
23,82,86,109.008766,23.008766174316406,-1.4900000000006912,-0.35000000000002274,Low
23,83,85,112.64145,27.641448974609375,-0.4499999999998181,-0.2799999999999727,Low
23,84,84,112.61586,28.615859985351562,-1.4899999999997817,-0.13000000000010914,Low
23,85,83,116.33632,33.33631896972656,3.050000000000182,0.4900000000000091,Low
23,86,82,112.596596,30.596595764160156,-0.3900000000003274,-0.2400000000000091,Low
23,87,81,106.44193,25.441932678222656,-3.7100000000000364,0.3300000000000409,Low
23,88,80,105.235054,25.23505401611328,4.400000000000546,-0.049999999999954525,Low
23,89,79,97.56059,18.560592651367188,-0.6100000000005821,-0.3100000000000591,Low
23,90,78,100.27429,22.2742919921875,0.19000000000050932,0.16000000000008185,Low
23,91,77,102.83533,25.8353271484375,0.37999999999919964,0.37999999999999545,Low
23,92,76,96.46327,20.463272094726562,-8.239999999999782,-0.5100000000001046,Low
23,93,75,112.00291,37.002906799316406,7.630000000000109,0.14000000000010004,Low
23,94,74,111.15405,37.154052734375,1.4899999999997817,-0.4500000000000455,Low
23,95,73,111.46097,38.460968017578125,-1.1799999999993815,0.14999999999997726,Low
23,96,72,112.86238,40.86238098144531,0.22999999999956344,0.12999999999999545,Low
23,97,71,112.81754,41.817543029785156,0.8600000000005821,0.17000000000007276,Low
23,98,70,116.82498,46.824981689453125,-0.28000000000065484,0.01999999999998181,Low
23,99,69,111.51008,42.51007843017578,0.3600000000005821,-0.3100000000000591,Low
23,100,68,112.69941,44.69940948486328,-5.460000000000036,-0.14999999999997726,Low
23,101,67,111.46397,44.463966369628906,4.399999999999636,0.14999999999997726,Low
23,102,66,111.807365,45.80736541748047,-2.1099999999996726,0.8000000000000682,Low
23,103,65,112.53061,47.530609130859375,3.369999999999891,-0.43000000000006366,Low
23,104,64,91.94438,27.944381713867188,-1.1400000000003274,0.5,Low
23,105,63,102.04674,39.04673767089844,3.8900000000003274,-1.5599999999999454,Low
23,106,62,97.12538,35.12538146972656,-6.930000000000291,0.38999999999998636,Low
23,107,61,73.75625,12.756248474121094,3.130000000000109,0.8300000000000409,Medium
23,108,60,78.60773,18.60772705078125,0.7299999999995634,-0.20000000000004547,Medium
23,109,59,78.343765,19.343765258789062,-2.2399999999997817,0.12000000000000455,Medium
23,110,58,82.27922,24.279220581054688,-2.2899999999999636,-0.12999999999999545,Low
23,111,57,73.82104,16.82103729248047,3.5100000000002183,0.16999999999995907,Medium
23,112,56,88.124405,32.12440490722656,-4.329999999999927,-0.25,Low
23,113,55,83.48794,28.487937927246094,3.5399999999999636,-0.029999999999972715,Low
23,114,54,69.70564,15.705642700195312,-2.3299999999999272,0.2300000000000182,Medium
23,115,53,62.314304,9.31430435180664,4.869999999999891,0.37999999999999545,Medium
23,116,52,53.992107,1.9921073913574219,-2.25,0.029999999999972715,Medium
23,117,51,52.67486,1.6748580932617188,-3.899999999999636,-0.14999999999997726,Medium
23,118,50,50.500324,0.5003242492675781,2.1099999999996726,-0.2799999999999727,Medium
23,119,49,44.76485,-4.235149383544922,6.769999999999527,-0.22000000000002728,Medium
23,120,48,41.08467,-6.9153289794921875,-6.9299999999993815,0.05999999999994543,Medium
23,121,47,38.78383,-8.216171264648438,4.800000000000182,0.19000000000005457,Medium
23,122,46,37.86702,-8.132980346679688,-1.0900000000001455,-0.21000000000003638,Medium
23,123,45,39.581585,-5.418415069580078,-0.5700000000006185,0.2300000000000182,Medium
23,124,44,35.957664,-8.042335510253906,-0.2999999999992724,0.21000000000003638,Medium
23,125,43,39.441383,-3.5586166381835938,-4.539999999999964,-0.10000000000002274,Medium
23,126,42,41.355156,-0.6448440551757812,2.9799999999995634,-0.21000000000003638,Medium
23,127,41,41.928505,0.9285049438476562,-3.6899999999996,-0.15999999999996817,Medium
23,128,40,41.00552,1.0055198669433594,-1.1000000000003638,-0.32000000000005,Medium
23,129,39,39.236847,0.236846923828125,6.5600000000004,0.35000000000002274,Medium
23,130,38,41.403713,3.4037132263183594,4.4299999999993815,0.2799999999999727,Medium
23,131,37,39.539146,2.5391464233398438,-5.289999999999964,0.2700000000000955,Medium
23,132,36,35.914005,-0.08599472045898438,-6.630000000000109,0.2400000000000091,Medium
23,133,35,34.66083,-0.3391685485839844,7.920000000000073,-0.9500000000000455,Medium
23,134,34,40.360718,6.3607177734375,1.180000000000291,0.049999999999954525,Medium
23,135,33,41.3293,8.329299926757812,-3.9899999999997817,0.37000000000000455,Medium
23,136,32,40.048607,8.048606872558594,-1.430000000000291,0.2900000000000773,Medium
23,137,31,33.727764,2.727764129638672,1.050000000000182,-0.4500000000000455,Medium
23,138,30,31.73854,1.7385406494140625,3.5599999999994907,0.2999999999999545,Medium
23,139,29,32.101738,3.1017379760742188,0.8200000000006185,-0.12000000000000455,Medium
23,140,28,34.01017,6.010169982910156,-6.619999999999891,0.25,Medium
23,141,27,33.231033,6.2310333251953125,5.1799999999993815,-0.2299999999999045,Medium
23,142,26,37.114384,11.114383697509766,-3.8099999999994907,-0.12999999999999545,Medium
23,143,25,33.779667,8.779666900634766,-0.4000000000005457,-0.10000000000002274,Medium
23,144,24,33.84524,9.84524154663086,0.0,0.03999999999996362,Medium
23,145,23,32.450806,9.4508056640625,-3.380000000000109,0.32000000000005,Medium
23,146,22,28.447733,6.447732925415039,2.3100000000004,0.2799999999999727,High
23,147,21,22.870457,1.8704566955566406,3.7399999999997817,-0.12000000000000455,High
23,148,20,21.317257,1.3172569274902344,-0.7100000000000364,-0.029999999999972715,High
23,149,19,19.948462,0.9484615325927734,0.09000000000014552,-0.2599999999999909,High
23,150,18,22.311567,4.311567306518555,-3.630000000000109,0.049999999999954525,High
23,151,17,20.87889,3.8788890838623047,5.650000000000546,0.19000000000005457,High
23,152,16,18.87202,2.872020721435547,-0.7700000000004366,-0.4800000000000182,High
23,153,15,16.890717,1.890716552734375,-1.9399999999995998,0.4800000000000182,High
23,154,14,17.4269,3.426900863647461,-2.0600000000004,0.10999999999989996,High
23,155,13,15.161239,2.161238670349121,2.4099999999998545,-0.5199999999999818,High
23,156,12,19.89751,7.897510528564453,-2.469999999999345,0.21000000000003638,High
23,157,11,17.703543,6.703542709350586,-2.75,0.049999999999954525,High
23,158,10,18.415165,8.415164947509766,3.7999999999992724,-0.01999999999998181,High
23,159,9,14.820313,5.820313453674316,-0.46999999999934516,0.5,High
23,160,8,13.615958,5.615958213806152,1.269999999999527,-0.2599999999999909,High
23,161,7,12.062204,5.062204360961914,3.319999999999709,0.4199999999999591,High
23,162,6,8.496853,2.4968528747558594,-2.5,-0.7099999999999227,High
23,163,5,8.3110075,3.311007499694824,3.050000000000182,0.36000000000001364,High
23,164,4,6.63561,2.6356101036071777,3.2100000000000364,-0.06000000000005912,High
23,165,3,6.245403,3.2454028129577637,-8.519999999999527,0.19000000000005457,High
23,166,2,4.6568713,2.6568713188171387,-3.4400000000005093,0.36000000000001364,High
23,167,1,5.133923,4.133923053741455,5.079999999999927,-0.3100000000000591,High
23,168,0,4.8068376,4.806837558746338,-1.639999999999418,-0.4399999999999409,High
31,1,233,124.37682,-108.62317657470703,0.0,0.0,Low
31,2,232,123.41795,-108.58204650878906,1.5100000000002183,0.16999999999995907,Low
31,3,231,126.335846,-104.66415405273438,0.5500000000001819,0.0,Low
31,4,230,127.92487,-102.07512664794922,-4.630000000000109,-0.2799999999999727,Low
31,5,229,124.4323,-104.56770324707031,3.5200000000004366,-0.37000000000000455,Low
31,6,228,124.46784,-103.53215789794922,-3.3400000000001455,0.6399999999999864,Low
31,7,227,125.72249,-101.27751159667969,-3.6500000000005457,-0.18000000000006366,Low
31,8,226,126.6898,-99.3102035522461,8.450000000000728,0.020000000000095497,Low
31,9,225,125.306946,-99.69305419921875,-7.800000000000182,-0.4800000000000182,Low
31,10,224,125.92131,-98.07868957519531,3.869999999999891,0.7999999999999545,Low
31,11,223,125.57459,-97.42540740966797,2.519999999999527,-0.4700000000000273,Low
31,12,222,125.81327,-96.18672943115234,-0.13999999999941792,0.009999999999990905,Low
31,13,221,126.52674,-94.47325897216797,0.5399999999999636,-0.12000000000000455,Low
31,14,220,125.83502,-94.16497802734375,0.5900000000001455,-0.39999999999997726,Low
31,15,219,125.07997,-93.92002868652344,-5.0,0.8300000000000409,Low
31,16,218,124.72737,-93.27262878417969,6.719999999999345,-0.8400000000000318,Low
31,17,217,124.38863,-92.61136627197266,-8.479999999999563,0.4800000000000182,Low
31,18,216,125.17604,-90.82395935058594,0.1999999999998181,-0.37000000000000455,Low
31,19,215,124.99994,-90.00006103515625,1.050000000000182,0.4199999999999591,Low
31,20,214,125.2947,-88.7052993774414,3.100000000000364,-0.01999999999998181,Low
31,21,213,124.85307,-88.14692687988281,-0.8900000000003274,0.2699999999999818,Low
31,22,212,125.2717,-86.72830200195312,1.769999999999527,-0.01999999999998181,Low
31,23,211,125.922775,-85.07722473144531,2.880000000000109,-0.2799999999999727,Low
31,24,210,125.5082,-84.4917984008789,-3.1599999999998545,-0.11000000000001364,Low
31,25,209,124.98543,-84.01457214355469,1.8500000000003638,-0.21000000000003638,Low
31,26,208,125.48443,-82.51557159423828,-4.5,0.6800000000000637,Low
31,27,207,124.717766,-82.28223419189453,5.1799999999993815,-0.5199999999999818,Low
31,28,206,124.569824,-81.43017578125,-3.1099999999996726,-0.14999999999997726,Low
31,29,205,124.36224,-80.63775634765625,2.6599999999998545,0.92999999999995,Low
31,30,204,123.47786,-80.52214050292969,-4.359999999999673,-0.32000000000005,Low
31,31,203,120.01195,-82.98805236816406,4.039999999999964,0.0,Low
31,32,202,120.83366,-81.16634368896484,-0.6000000000003638,-0.35999999999989996,Low
31,33,201,121.10112,-79.89888000488281,1.2400000000006912,0.5299999999999727,Low
31,34,200,120.507866,-79.49213409423828,3.0999999999994543,-0.5199999999999818,Low
31,35,199,120.31679,-78.68321228027344,-5.449999999999818,0.5499999999999545,Low
31,36,198,122.993095,-75.00690460205078,-4.770000000000437,-0.37000000000000455,Low
31,37,197,123.145164,-73.8548355102539,2.5700000000006185,-0.7300000000000182,Low
31,38,196,122.86677,-73.13323211669922,4.550000000000182,0.7400000000000091,Low
31,39,195,122.52378,-72.4762191772461,-3.7600000000002183,-0.11000000000001364,Low
31,40,194,123.07858,-70.92141723632812,3.9099999999998545,0.4500000000000455,Low
31,41,193,124.24026,-68.7597427368164,-6.739999999999782,-0.7400000000000091,Low
31,42,192,124.27513,-67.72486877441406,7.859999999999673,0.22000000000002728,Low
31,43,191,124.864525,-66.1354751586914,-10.269999999999527,-0.5900000000000318,Low
31,44,190,124.73188,-65.26811981201172,1.0,0.7699999999999818,Low
31,45,189,123.70019,-65.29981231689453,8.539999999999964,-0.36000000000001364,Low
31,46,188,124.05888,-63.94111633300781,-3.430000000000291,0.7599999999999909,Low
31,47,187,123.44238,-63.5576171875,4.329999999999927,-0.5099999999999909,Low
31,48,186,124.71366,-61.286338806152344,-3.7899999999999636,0.0,Low
31,49,185,123.98501,-61.014991760253906,2.899999999999636,0.19000000000005457,Low
31,50,184,125.30158,-58.69841766357422,-3.199999999999818,0.14999999999997726,Low
31,51,183,125.85261,-57.14739227294922,-0.38000000000010914,-0.009999999999990905,Low
31,52,182,125.09864,-56.90135955810547,2.0100000000002183,-0.22000000000002728,Low
31,53,181,123.60917,-57.390830993652344,0.5399999999999636,-0.15999999999996817,Low
31,54,180,123.44614,-56.553863525390625,0.010000000000218279,-0.40999999999996817,Low
31,55,179,125.06628,-53.93372344970703,-7.039999999999964,0.5699999999999363,Low
31,56,178,122.31896,-55.68103790283203,6.050000000000182,0.05000000000006821,Low
31,57,177,122.9761,-54.023902893066406,2.469999999999345,-0.2800000000000864,Low
31,58,176,122.701416,-53.298583984375,-1.0499999999992724,0.35000000000002274,Low
31,59,175,121.61625,-53.383750915527344,0.11999999999989086,0.32000000000005,Low
31,60,174,120.10379,-53.896209716796875,-0.11000000000058208,-0.9200000000000728,Low
31,61,173,121.572044,-51.427955627441406,2.0200000000004366,0.2400000000000091,Low
31,62,172,121.88644,-50.113563537597656,-5.390000000000327,0.34000000000003183,Low
31,63,171,120.67297,-50.3270263671875,2.7399999999997817,0.13999999999998636,Low
31,64,170,119.4587,-50.541297912597656,-0.9600000000000364,-0.5800000000000409,Low
31,65,169,119.20344,-49.79656219482422,-0.7899999999999636,0.12999999999999545,Low
31,66,168,117.24178,-50.758216857910156,7.5900000000001455,0.2400000000000091,Low
31,67,167,118.95774,-48.042259216308594,-1.2399999999997817,-0.4699999999999136,Low
31,68,166,117.48736,-48.51264190673828,-4.710000000000036,0.67999999999995,Low
31,69,165,120.33354,-44.66645812988281,-3.4700000000002547,-0.36000000000001364,Low
31,70,164,118.63124,-45.36875915527344,5.930000000000291,-0.1999999999999318,Low
31,71,163,119.38501,-43.614990234375,-1.5200000000004366,0.2899999999999636,Low
31,72,162,117.55911,-44.440887451171875,-2.1899999999996,-0.14999999999997726,Low
31,73,161,118.25474,-42.745262145996094,1.6300000000001091,0.15999999999996817,Low
31,74,160,120.63438,-39.365623474121094,-2.1599999999998545,0.049999999999954525,Low
31,75,159,115.41522,-43.58477783203125,1.5599999999994907,-0.2299999999999045,Low
31,76,158,118.333015,-39.66698455810547,0.17000000000007276,0.05999999999994543,Low
31,77,157,121.30767,-35.69232940673828,-8.289999999999964,-0.029999999999972715,Low
31,78,156,120.359,-35.64099884033203,9.150000000000546,0.4499999999999318,Low
31,79,155,118.992294,-36.00770568847656,-2.660000000000764,-0.30999999999994543,Low
31,80,154,120.1092,-33.89080047607422,2.280000000000655,0.12000000000000455,Low
31,81,153,118.619965,-34.380035400390625,-0.4900000000006912,-0.20000000000004547,Low
31,82,152,117.116356,-34.883644104003906,4.0900000000001455,0.2400000000000091,Low
31,83,151,118.23124,-32.768760681152344,-4.6799999999993815,-0.2699999999999818,Low
31,84,150,113.65743,-36.342567443847656,-0.9700000000002547,0.13999999999998636,Low
31,85,149,116.73884,-32.26116180419922,5.930000000000291,-0.30999999999994543,Low
31,86,148,115.934235,-32.065765380859375,-4.3100000000004,-0.12000000000000455,Low
31,87,147,115.71613,-31.28386688232422,-5.140000000000327,0.2199999999999136,Low
31,88,146,111.33525,-34.66474914550781,3.75,0.38000000000010914,Low
31,89,145,112.40393,-32.5960693359375,-2.9099999999998545,-0.32000000000005,Low
31,90,144,116.80359,-27.1964111328125,5.110000000000582,0.4600000000000364,Low
31,91,143,115.17095,-27.82904815673828,-1.0100000000002183,-0.09000000000003183,Low
31,92,142,116.03997,-25.96002960205078,1.6499999999996362,-0.03999999999996362,Low
31,93,141,123.130585,-17.869415283203125,-8.429999999999382,-0.6800000000000637,Low
31,94,140,124.41572,-15.584281921386719,5.969999999999345,0.5,Low
31,95,139,121.5759,-17.424102783203125,2.730000000000473,-0.12999999999999545,Low
31,96,138,118.10889,-19.89111328125,-6.110000000000582,0.57000000000005,Low
31,97,137,122.820175,-14.179824829101562,3.5700000000006185,-0.4600000000000364,Low
31,98,136,122.01393,-13.986068725585938,-2.610000000000582,-0.20000000000004547,Low
31,99,135,121.3275,-13.672500610351562,6.180000000000291,0.25,Low
31,100,134,121.49361,-12.506393432617188,-8.1899999999996,-0.35999999999989996,Low
31,101,133,121.27331,-11.726692199707031,-1.6000000000003638,0.15999999999996817,Low
31,102,132,121.336205,-10.663795471191406,4.350000000000364,0.05999999999994543,Low
31,103,131,119.694336,-11.3056640625,1.6299999999991996,0.01999999999998181,Low
31,104,130,118.912895,-11.087104797363281,-2.3499999999994543,-0.17999999999994998,Low
31,105,129,120.19594,-8.804061889648438,6.479999999999563,0.2400000000000091,Low
31,106,128,121.953804,-6.046195983886719,-0.5299999999997453,-0.07000000000005002,Low
31,107,127,121.79974,-5.20025634765625,-1.7899999999999636,0.09000000000003183,Low
31,108,126,120.17976,-5.8202362060546875,-3.3299999999999272,-0.2999999999999545,Low
31,109,125,118.50966,-6.4903411865234375,-1.1700000000000728,0.2099999999999227,Low
31,110,124,120.45904,-3.5409622192382812,0.680000000000291,-0.17999999999994998,Low
31,111,123,120.53682,-2.4631805419921875,2.009999999999309,0.8300000000000409,Low
31,112,122,119.55073,-2.4492721557617188,1.5,-0.5,Low
31,113,121,122.89629,1.8962936401367188,-9.25,-0.5,Low
31,114,120,120.99871,0.9987106323242188,9.820000000000618,0.6499999999999773,Low
31,115,119,122.1896,3.1895980834960938,-3.6700000000000728,0.2899999999999636,Low
31,116,118,122.24197,4.241966247558594,3.6400000000003274,-0.8700000000000045,Low
31,117,117,119.348854,2.3488540649414062,-2.3300000000008367,0.35000000000002274,Low
31,118,116,118.640656,2.640655517578125,-3.6299999999991996,-0.01999999999998181,Low
31,119,115,119.38554,4.385536193847656,2.869999999999891,0.18999999999994088,Low
31,120,114,117.008995,3.0089950561523438,1.3699999999998909,0.009999999999990905,Low
31,121,113,112.46757,-0.5324325561523438,-1.1599999999998545,-0.6599999999999682,Low
31,122,112,111.61809,-0.3819122314453125,-0.9900000000006912,0.4199999999999591,Low
31,123,111,109.33448,-1.6655197143554688,2.2000000000007276,0.5,Low
31,124,110,107.895996,-2.10400390625,0.569999999999709,-0.33999999999991815,Low
31,125,109,107.17831,-1.8216934204101562,-2.5,-0.41000000000008185,Low
31,126,108,110.73326,2.7332611083984375,-1.680000000000291,0.42000000000007276,Low
31,127,107,109.67029,2.6702880859375,0.4899999999997817,0.4700000000000273,Low
31,128,106,111.7398,5.739799499511719,-0.20999999999912689,-0.2400000000000091,Low
31,129,105,116.45081,11.450813293457031,6.6299999999992,-0.6000000000000227,Low
31,130,104,119.62312,15.623123168945312,-5.199999999999818,0.4800000000000182,Low
31,131,103,122.8737,19.873703002929688,-0.9899999999997817,0.5599999999999454,Low
31,132,102,119.965096,17.96509552001953,-0.07999999999992724,-0.5099999999999909,Low
31,133,101,120.51506,19.515060424804688,1.180000000000291,-0.25,Low
31,134,100,117.20271,17.202713012695312,-8.94000000000051,-0.06999999999993634,Low
31,135,99,120.228226,21.228225708007812,10.970000000000255,-0.6300000000001091,Low
31,136,98,115.6819,17.681900024414062,2.300000000000182,1.1700000000000728,Low
31,137,97,113.556526,16.55652618408203,-4.940000000000509,-0.5500000000000682,Low
31,138,96,112.000046,16.000045776367188,3.9000000000005457,0.44000000000005457,Low
31,139,95,114.29899,19.298988342285156,-9.530000000000655,-0.3300000000000409,Low
31,140,94,112.21926,18.219261169433594,-2.389999999999418,0.18000000000006366,Low
31,141,93,109.74604,16.74604034423828,10.699999999999818,0.11000000000001364,Low
31,142,92,109.7508,17.75080108642578,-1.1400000000003274,-0.13999999999998636,Low
31,143,91,107.89433,16.894332885742188,4.75,-0.22000000000002728,Low
31,144,90,108.96466,18.96466064453125,-2.3099999999994907,-0.13999999999998636,Low
31,145,89,108.508965,19.50896453857422,1.1899999999995998,0.049999999999954525,Low
31,146,88,116.658516,28.65851593017578,-1.8900000000003274,0.44000000000005457,Low
31,147,87,110.444,23.444000244140625,-0.3499999999994543,-0.22000000000002728,Low
31,148,86,107.49644,21.496437072753906,-2.550000000000182,0.22000000000002728,Low
31,149,85,117.12931,32.129310607910156,0.5,-0.07000000000005002,Low
31,150,84,119.12373,35.12373352050781,1.1900000000005093,0.07000000000005002,Low
31,151,83,119.026764,36.026763916015625,-3.3100000000004,-0.36000000000001364,Low
31,152,82,119.67168,37.67167663574219,-0.6599999999998545,0.2599999999999909,Low
31,153,81,120.68639,39.68639373779297,1.8599999999996726,0.25,Low
31,154,80,115.85949,35.85948944091797,4.420000000000073,-0.14999999999997726,Low
31,155,79,117.23,38.230003356933594,-6.760000000000218,0.2599999999999909,Low
31,156,78,112.36827,34.36827087402344,-6.0,-0.05000000000006821,Low
31,157,77,112.12757,35.12757110595703,4.480000000000473,-0.6299999999999955,Low
31,158,76,111.75968,35.759681701660156,-0.8100000000004002,0.3100000000000591,Low
31,159,75,108.01924,33.01924133300781,10.039999999999964,-0.12999999999999545,Low
31,160,74,105.35126,31.35125732421875,1.9700000000002547,0.599999999999909,Low
31,161,73,109.74489,36.74488830566406,-8.069999999999709,-0.40999999999996817,Low
31,162,72,101.21167,29.211669921875,-3.3900000000003274,0.5,Low
31,163,71,102.529976,31.52997589111328,3.380000000000109,-0.32999999999992724,Low
31,164,70,114.68309,44.68309020996094,4.029999999999745,-0.5400000000000773,Low
31,165,69,115.52085,46.520851135253906,-1.6899999999995998,0.11000000000001364,Low
31,166,68,111.07983,43.07982635498047,-5.640000000000327,0.8400000000000318,Low
31,167,67,113.35994,46.35993957519531,8.590000000000146,-1.4800000000000182,Low
31,168,66,114.00632,48.006317138671875,1.819999999999709,0.5299999999999727,Low
31,169,65,115.64101,50.64100646972656,-7.829999999999927,0.39999999999997726,Low
31,170,64,103.951904,39.951904296875,1.6199999999998909,0.2599999999999909,Low
31,171,63,102.22752,39.22752380371094,-2.869999999999891,-0.4699999999999136,Low
31,172,62,95.32477,33.32476806640625,-2.8299999999999272,0.6899999999999409,Low
31,173,61,97.75879,36.7587890625,7.529999999999745,-0.4599999999999227,Low
31,174,60,101.88584,41.885841369628906,-3.4299999999993815,-0.030000000000086402,Low
31,175,59,98.8103,39.810302734375,-1.2700000000004366,0.13999999999998636,Low
31,176,58,101.87434,43.87433624267578,-1.8099999999994907,1.080000000000041,Low
31,177,57,102.73923,45.739227294921875,3.5399999999999636,-1.3199999999999363,Low
31,178,56,103.60106,47.60105895996094,-2.9099999999998545,0.38999999999998636,Low
31,179,55,101.723335,46.72333526611328,2.589999999999236,-0.5200000000000955,Low
31,180,54,103.00319,49.00318908691406,-1.3099999999994907,0.13000000000010914,Low
31,181,53,103.043144,50.04314422607422,0.5999999999994543,0.6699999999999591,Low
31,182,52,108.241554,56.241554260253906,-3.7899999999999636,-0.36000000000001364,Low
31,183,51,109.74805,58.748046875,3.369999999999891,0.029999999999972715,Low
31,184,50,105.877686,55.877685546875,-2.719999999999345,-0.009999999999990905,Low
31,185,49,110.98076,61.98075866699219,1.1099999999996726,0.15999999999996817,Low
31,186,48,103.55702,55.55702209472656,-0.7200000000002547,0.3100000000000591,Low
31,187,47,93.56928,46.56928253173828,-4.210000000000036,-0.8300000000000409,Low
31,188,46,93.896255,47.89625549316406,2.1200000000008004,1.009999999999991,Low
31,189,45,87.640114,42.640113830566406,-2.8900000000003274,-0.31999999999993634,Low
31,190,44,70.919815,26.919815063476562,5.789999999999964,0.17999999999994998,Medium
31,191,43,70.052,27.052001953125,-3.7899999999999636,-0.07999999999992724,Medium
31,192,42,70.48433,28.484329223632812,3.9200000000000728,-0.2700000000000955,Medium
31,193,41,65.80677,24.80677032470703,-6.480000000000473,0.22000000000002728,Medium
31,194,40,55.99093,15.990928649902344,6.410000000000764,-0.8500000000000227,Medium
31,195,39,51.266693,12.266693115234375,-0.3900000000003274,0.5600000000000591,Medium
31,196,38,58.097458,20.097457885742188,-0.4499999999998181,0.1999999999999318,Medium
31,197,37,56.944096,19.944095611572266,-3.130000000000109,-0.18999999999994088,Medium
31,198,36,58.54986,22.54985809326172,7.9399999999996,-0.38999999999998636,Medium
31,199,35,58.166428,23.166427612304688,-3.969999999999345,0.05999999999994543,Medium
31,200,34,60.812824,26.812824249267578,-6.020000000000437,0.4500000000000455,Medium
31,201,33,58.990696,25.99069595336914,4.1599999999998545,0.39999999999997726,Medium
31,202,32,47.168793,15.168792724609375,-2.130000000000109,-0.6899999999999409,Medium
31,203,31,44.445393,13.445392608642578,2.119999999999891,0.37999999999999545,Medium
31,204,30,44.74025,14.740249633789062,-0.13999999999941792,-0.41000000000008185,Medium
31,205,29,43.53431,14.534309387207031,-2.230000000000473,0.5900000000000318,Medium
31,206,28,38.439568,10.439567565917969,1.2200000000002547,0.01999999999998181,Medium
31,207,27,38.73553,11.735530853271484,1.319999999999709,-0.67999999999995,Medium
31,208,26,33.908947,7.908946990966797,-2.5,0.6699999999999591,Medium
31,209,25,32.987007,7.987007141113281,3.0799999999999272,-0.16999999999995907,Medium
31,210,24,36.219906,12.219905853271484,-11.329999999999927,0.03999999999996362,Medium
31,211,23,30.757643,7.75764274597168,1.9600000000000364,0.12000000000000455,Medium
31,212,22,26.986816,4.98681640625,2.869999999999891,0.09000000000003183,High
31,213,21,29.572266,8.572265625,6.550000000000182,-0.15999999999996817,High
31,214,20,28.889246,8.889245986938477,-5.829999999999927,0.30999999999994543,High
31,215,19,27.57399,8.573989868164062,1.4600000000000364,-1.0900000000000318,High
31,216,18,29.741455,11.741455078125,-0.680000000000291,0.5199999999999818,High
31,217,17,26.510424,9.51042366027832,1.5300000000006548,0.35000000000002274,High
31,218,16,18.027178,2.0271778106689453,-6.460000000000036,0.41000000000008185,High
31,219,15,16.774183,1.7741832733154297,3.569999999999709,-0.32000000000005,High
31,220,14,16.202848,2.202848434448242,2.8400000000001455,0.6100000000000136,High
31,221,13,14.400104,1.4001035690307617,1.0999999999994543,-0.4600000000000364,High
31,222,12,16.541906,4.541906356811523,0.2900000000008731,-0.2999999999999545,High
31,223,11,12.923459,1.9234590530395508,-7.720000000000255,-0.2400000000000091,High
31,224,10,10.660961,0.6609611511230469,3.4700000000002547,0.6399999999999864,High
31,225,9,9.5170555,0.5170555114746094,-6.680000000000291,-0.2699999999999818,High
31,226,8,5.8200364,-2.1799635887145996,-0.43000000000029104,-0.3000000000000682,High
31,227,7,4.8188787,-2.181121349334717,8.150000000000546,0.4600000000000364,High
31,228,6,6.681483,0.6814827919006348,-1.0399999999999636,-0.7400000000000091,High
31,229,5,5.880303,0.880302906036377,-0.2000000000007276,1.3400000000000318,High
31,230,4,4.1424146,0.14241456985473633,-2.569999999999709,-0.6299999999999955,High
31,231,3,5.0972056,2.097205638885498,1.300000000000182,0.2699999999999818,High
31,232,2,4.1619897,2.161989688873291,4.229999999999563,0.32000000000005,High
31,233,1,2.9841003,1.984100341796875,-10.079999999999927,-0.6600000000000819,High
31,234,0,3.4979498,3.4979498386383057,-1.7399999999997817,0.09000000000003183,High
32,1,190,113.62942,-76.3705825805664,0.0,0.0,Low
32,2,189,98.128815,-90.87118530273438,7.1799999999993815,-0.33999999999991815,Low
32,3,188,113.33553,-74.66446685791016,0.8500000000003638,-0.13000000000010914,Low
32,4,187,111.43526,-75.56474304199219,-0.9399999999995998,-0.2299999999999045,Low
32,5,186,114.7529,-71.24710083007812,-3.4200000000000728,0.37999999999999545,Low
32,6,185,114.332924,-70.66707611083984,-2.8700000000008004,-0.16000000000008185,Low
32,7,184,116.033485,-67.96651458740234,0.5400000000008731,0.14000000000010004,Low
32,8,183,113.04851,-69.95149230957031,6.819999999999709,0.1999999999999318,Low
32,9,182,114.773865,-67.22613525390625,-8.170000000000073,0.009999999999990905,Low
32,10,181,112.39811,-68.60189056396484,2.149999999999636,-0.25,Low
32,11,180,108.59738,-71.40261840820312,1.6700000000000728,0.38999999999998636,Low
32,12,179,107.548,-71.4520034790039,4.470000000000255,-0.32999999999992724,Low
32,13,178,108.96416,-69.03584289550781,-6.380000000000109,0.4599999999999227,Low
32,14,177,110.01365,-66.9863510131836,6.300000000000182,-0.4599999999999227,Low
32,15,176,102.8126,-73.1874008178711,0.7600000000002183,0.4800000000000182,Low
32,16,175,106.43888,-68.56111907958984,-1.5,-0.5800000000000409,Low
32,17,174,104.14102,-69.85897827148438,-1.3800000000001091,0.3300000000000409,Low
32,18,173,113.75248,-59.247520446777344,1.6599999999998545,0.13999999999998636,Low
32,19,172,112.52572,-59.474281311035156,-1.819999999999709,-0.8000000000000682,Low
32,20,171,106.373276,-64.62672424316406,4.839999999999236,0.4500000000000455,Low
32,21,170,105.42218,-64.57781982421875,-7.219999999999345,0.6200000000000045,Low
32,22,169,106.31877,-62.68122863769531,-0.4099999999998545,-1.0400000000000773,Low
32,23,168,104.99382,-63.00617980957031,2.8599999999996726,0.39000000000010004,Low
32,24,167,107.71388,-59.28611755371094,2.699999999999818,-0.20000000000004547,Low
32,25,166,109.79538,-56.204620361328125,1.730000000000473,0.39999999999997726,Low
32,26,165,109.29846,-55.7015380859375,-4.680000000000291,-0.5099999999999909,Low
32,27,164,103.10953,-60.890472412109375,-5.690000000000509,0.9600000000000364,Low
32,28,163,106.230354,-56.76964569091797,2.2200000000002547,-0.6299999999999955,Low
32,29,162,102.22411,-59.77588653564453,3.9200000000000728,-0.13999999999998636,Low
32,30,161,109.80711,-51.19288635253906,-4.309999999999491,0.2299999999999045,Low
32,31,160,110.81682,-49.18318176269531,-1.8700000000008004,0.34000000000003183,Low
32,32,159,105.18492,-53.81507873535156,3.980000000000473,-0.18999999999994088,Low
32,33,158,111.00102,-46.99897766113281,1.5,0.37000000000000455,Low
32,34,157,103.20821,-53.791786193847656,-2.0799999999999272,-0.5500000000000682,Low
32,35,156,106.91952,-49.080482482910156,6.25,-0.17999999999994998,Low
32,36,155,109.36939,-45.63060760498047,-3.369999999999891,-0.06000000000005912,Low
32,37,154,117.21268,-36.787322998046875,-5.150000000000546,0.4700000000000273,Low
32,38,153,115.42322,-37.5767822265625,1.6000000000003638,-0.2400000000000091,Low
32,39,152,117.68707,-34.31292724609375,-3.0799999999999272,0.12000000000000455,Low
32,40,151,117.84349,-33.15650939941406,-1.6900000000005093,-0.16999999999995907,Low
32,41,150,108.36514,-41.634857177734375,11.520000000000437,0.01999999999998181,Low
32,42,149,107.1085,-41.891502380371094,-7.690000000000509,-0.3100000000000591,Low
32,43,148,105.794495,-42.20550537109375,7.020000000000437,0.04000000000007731,Low
32,44,147,106.098656,-40.901344299316406,-4.489999999999782,0.32999999999992724,Low
32,45,146,100.44105,-45.55895233154297,-3.050000000000182,-0.05999999999994543,Low
32,46,145,101.41709,-43.582908630371094,9.609999999999673,-0.2300000000000182,Low
32,47,144,97.72666,-46.273338317871094,-8.539999999999964,0.07000000000005002,Low
32,48,143,98.081726,-44.91827392578125,6.480000000000473,-0.05000000000006821,Low
32,49,142,98.937675,-43.06232452392578,-2.2600000000002183,0.5800000000000409,Low
32,50,141,98.7374,-42.262603759765625,-0.7100000000000364,-0.8500000000000227,Low
32,51,140,103.217026,-36.78297424316406,-4.279999999999745,0.5399999999999636,Low
32,52,139,103.360725,-35.63927459716797,6.260000000000218,0.020000000000095497,Low
32,53,138,101.2168,-36.783203125,-5.510000000000218,0.6299999999999955,Low
32,54,137,106.3629,-30.637100219726562,0.6899999999995998,-0.8100000000000591,Low
32,55,136,105.96306,-30.036941528320312,4.029999999999745,0.12000000000000455,Low
32,56,135,109.04253,-25.957473754882812,-5.959999999999127,0.11000000000001364,Low
32,57,134,106.84702,-27.152976989746094,7.789999999999964,0.16999999999995907,Low
32,58,133,102.76122,-30.23877716064453,-4.390000000000327,-0.42999999999995,Low
32,59,132,104.15674,-27.84326171875,4.229999999999563,0.38999999999998636,Low
32,60,131,106.97392,-24.026077270507812,-0.3099999999994907,-0.39999999999997726,Low
32,61,130,101.77162,-28.228378295898438,-3.850000000000364,0.6100000000000136,Low
32,62,129,109.74638,-19.253616333007812,2.0399999999999636,-1.1100000000000136,Low
32,63,128,106.68838,-21.311622619628906,7.119999999999891,0.5,Low
32,64,127,112.166306,-14.833694458007812,-5.239999999999782,0.16999999999995907,Low
32,65,126,110.12204,-15.877960205078125,-6.289999999999964,0.37000000000000455,Low
32,66,125,102.78625,-22.21375274658203,-4.390000000000327,0.07000000000005002,Low
32,67,124,109.283035,-14.716964721679688,3.2000000000007276,-0.17000000000007276,Low
32,68,123,107.60591,-15.394088745117188,3.019999999999527,-0.14999999999997726,Low
32,69,122,108.896614,-13.103385925292969,0.9700000000002547,-0.16999999999995907,Low
32,70,121,115.811165,-5.188835144042969,1.4600000000000364,0.049999999999954525,Low
32,71,120,111.113304,-8.886695861816406,-2.2700000000004366,-0.34000000000003183,Low
32,72,119,102.05412,-16.945877075195312,4.680000000000291,0.2300000000000182,Low
32,73,118,103.81228,-14.187721252441406,-10.590000000000146,0.5300000000000864,Low
32,74,117,109.34063,-7.659370422363281,10.920000000000073,-0.41000000000008185,Low
32,75,116,80.38628,-35.61372375488281,6.380000000000109,0.2799999999999727,Low
32,76,115,98.474106,-16.525894165039062,-7.859999999999673,-0.8999999999999773,Low
32,77,114,99.744385,-14.255615234375,-3.850000000000364,0.37999999999999545,Low
32,78,113,102.88196,-10.1180419921875,7.5900000000001455,-0.08999999999991815,Low
32,79,112,96.01781,-15.982192993164062,-7.050000000000182,0.2599999999999909,Low
32,80,111,99.02813,-11.971870422363281,7.319999999999709,0.2699999999999818,Low
32,81,110,101.45843,-8.541572570800781,-6.729999999999563,-0.2699999999999818,Low
32,82,109,105.89454,-3.1054611206054688,4.350000000000364,0.40999999999996817,Low
32,83,108,110.300835,2.3008346557617188,-2.550000000000182,0.14999999999997726,Low
32,84,107,102.77511,-4.224891662597656,0.4899999999997817,-0.6000000000000227,Low
32,85,106,106.57841,0.5784072875976562,3.649999999999636,0.18000000000006366,Low
32,86,105,104.521675,-0.47832489013671875,-2.0,0.2099999999999227,Low
32,87,104,102.50755,-1.4924468994140625,-3.949999999999818,-0.4499999999999318,Low
32,88,103,100.11379,-2.8862075805664062,8.579999999999927,0.16999999999995907,Low
32,89,102,103.0305,1.0305023193359375,-8.929999999999382,0.11000000000001364,Low
32,90,101,106.703514,5.703514099121094,5.789999999999964,-0.7999999999999545,Low
32,91,100,101.23285,1.23284912109375,2.3799999999991996,0.67999999999995,Low
32,92,99,95.02054,-3.979461669921875,-4.319999999999709,0.6100000000000136,Low
32,93,98,90.01514,-7.98486328125,-2.899999999999636,0.009999999999990905,Low
32,94,97,91.436386,-5.5636138916015625,0.6199999999998909,-0.6200000000000045,Low
32,95,96,92.68271,-3.317291259765625,3.2600000000002183,0.2899999999999636,Low
32,96,95,93.30281,-1.6971893310546875,4.739999999999782,0.010000000000104592,Low
32,97,94,91.762085,-2.2379150390625,1.6099999999996726,-0.3100000000000591,Low
32,98,93,86.26254,-6.737457275390625,-6.9299999999993815,0.44000000000005457,Low
32,99,92,78.83076,-13.169242858886719,-1.3400000000001455,0.2099999999999227,Medium
32,100,91,68.82359,-22.176406860351562,0.8499999999994543,-0.2099999999999227,Medium
32,101,90,71.995285,-18.004714965820312,-5.380000000000109,-0.6000000000000227,Medium
32,102,89,82.48119,-6.518806457519531,7.030000000000655,-0.009999999999990905,Low
32,103,88,81.86178,-6.138221740722656,3.119999999999891,0.4699999999999136,Low
32,104,87,82.24564,-4.754356384277344,-5.8100000000004,-0.5199999999999818,Low
32,105,86,69.76869,-16.231307983398438,-0.7599999999993088,0.6600000000000819,Medium
32,106,85,83.47987,-1.5201263427734375,5.729999999999563,-0.75,Low
32,107,84,75.05695,-8.943046569824219,2.180000000000291,0.13999999999998636,Medium
32,108,83,84.795166,1.795166015625,-4.329999999999927,0.01999999999998181,Low
32,109,82,87.15771,5.157707214355469,-0.8400000000001455,-0.43000000000006366,Low
32,110,81,89.921326,8.92132568359375,2.8499999999994543,0.6900000000000546,Low
32,111,80,75.45842,-4.5415802001953125,-3.5499999999992724,-0.4600000000000364,Medium
32,112,79,78.02964,-0.9703598022460938,2.1699999999991633,0.2699999999999818,Medium
32,113,78,75.50438,-2.4956207275390625,-1.639999999999418,0.35000000000002274,Medium
32,114,77,83.28307,6.283073425292969,7.1599999999998545,0.13999999999998636,Low
32,115,76,77.90716,1.9071578979492188,-8.420000000000073,-0.09999999999990905,Medium
32,116,75,64.31781,-10.68218994140625,0.680000000000291,0.5,Medium
32,117,74,71.633224,-2.3667755126953125,-1.2200000000002547,-1.0500000000000682,Medium
32,118,73,55.648888,-17.351112365722656,2.1400000000003274,0.5900000000000318,Medium
32,119,72,55.360104,-16.639896392822266,3.899999999999636,-0.10000000000002274,Medium
32,120,71,55.739246,-15.260753631591797,-4.109999999999673,-0.11000000000001364,Medium
32,121,70,51.04673,-18.953269958496094,1.3499999999994543,0.2900000000000773,Medium
32,122,69,49.217068,-19.78293228149414,0.07999999999992724,-0.2300000000000182,Medium
32,123,68,47.927517,-20.07248306274414,1.4600000000000364,0.16999999999995907,Medium
32,124,67,53.592094,-13.407905578613281,0.8600000000005821,-0.37000000000000455,Medium
32,125,66,52.72407,-13.275928497314453,-2.880000000000109,0.19000000000005457,Medium
32,126,65,56.597805,-8.40219497680664,4.0,0.0,Medium
32,127,64,52.639275,-11.360725402832031,-5.0,-0.09000000000003183,Medium
32,128,63,61.353317,-1.6466827392578125,2.0,-0.34000000000003183,Medium
32,129,62,62.147163,0.14716339111328125,-1.730000000000473,0.6299999999999955,Medium
32,130,61,66.74006,5.740058898925781,4.740000000000691,-0.12000000000000455,Medium
32,131,60,68.588264,8.588264465332031,-1.3500000000003638,-0.12999999999999545,Medium
32,132,59,67.252815,8.252815246582031,-0.0500000000001819,0.07000000000005002,Medium
32,133,58,66.613716,8.613716125488281,0.020000000000436557,0.2400000000000091,Medium
32,134,57,64.32773,7.327728271484375,4.399999999999636,0.009999999999990905,Medium
32,135,56,59.940716,3.940715789794922,-2.800000000000182,0.32999999999992724,Medium
32,136,55,61.241806,6.2418060302734375,0.7700000000004366,-0.8899999999999864,Medium
32,137,54,58.100376,4.100376129150391,-4.940000000000509,0.09000000000003183,Medium
32,138,53,50.551353,-2.4486465454101562,1.1900000000005093,-0.2400000000000091,Medium
32,139,52,47.24053,-4.759471893310547,6.229999999999563,0.37999999999999545,Medium
32,140,51,43.3511,-7.648899078369141,-1.9899999999997817,-0.2699999999999818,Medium
32,141,50,40.567944,-9.432056427001953,-5.420000000000073,0.6200000000000045,Medium
32,142,49,36.097595,-12.90240478515625,12.140000000000327,0.20000000000004547,Medium
32,143,48,34.535843,-13.464157104492188,1.6700000000000728,0.17999999999994998,Medium
32,144,47,33.196457,-13.803543090820312,-12.240000000000691,-0.7999999999999545,Medium
32,145,46,33.92975,-12.07025146484375,3.5100000000002183,0.30999999999994543,Medium
32,146,45,34.237198,-10.762802124023438,0.5200000000004366,0.14999999999997726,Medium
32,147,44,35.91821,-8.081790924072266,-0.6900000000005093,-0.14999999999997726,Medium
32,148,43,34.425648,-8.574352264404297,4.490000000000691,-0.07000000000005002,Medium
32,149,42,35.537605,-6.462394714355469,-2.380000000000109,0.010000000000104592,Medium
32,150,41,37.298687,-3.701313018798828,-3.1500000000005457,0.049999999999954525,Medium
32,151,40,33.796482,-6.203517913818359,5.5,-0.4800000000000182,Medium
32,152,39,35.5693,-3.4306983947753906,-2.1099999999996726,0.8600000000000136,Medium
32,153,38,34.76303,-3.236968994140625,-1.5399999999999636,-0.07000000000005002,Medium
32,154,37,33.02675,-3.9732513427734375,-2.4899999999997817,-0.40999999999996817,Medium
32,155,36,36.800446,0.800445556640625,1.7599999999993088,-0.07999999999992724,Medium
32,156,35,35.19809,0.198089599609375,5.780000000000655,0.11999999999989086,Medium
32,157,34,33.986397,-0.01360321044921875,-3.350000000000364,0.020000000000095497,Medium
32,158,33,35.246353,2.2463531494140625,0.03999999999996362,-0.11000000000001364,Medium
32,159,32,29.593409,-2.4065914154052734,-0.010000000000218279,0.2799999999999727,High
32,160,31,29.555483,-1.4445171356201172,4.770000000000437,-0.2799999999999727,High
32,161,30,23.92684,-6.073160171508789,3.2100000000000364,0.2599999999999909,High
32,162,29,24.447952,-4.5520477294921875,-1.0200000000004366,-0.06000000000005912,High
32,163,28,24.981297,-3.0187034606933594,-10.63000000000011,0.42000000000007276,High
32,164,27,24.125568,-2.874431610107422,6.130000000000109,-0.34000000000003183,High
32,165,26,17.907894,-8.092105865478516,2.8200000000006185,0.12000000000000455,High
32,166,25,17.563469,-7.436531066894531,4.769999999999527,-0.2999999999999545,High
32,167,24,15.338386,-8.661614418029785,-5.039999999999964,0.5599999999999454,High
32,168,23,16.267494,-6.732505798339844,0.19000000000050932,0.15999999999996817,High
32,169,22,17.150766,-4.849233627319336,2.0,-0.07999999999992724,High
32,170,21,16.114481,-4.885519027709961,1.2399999999997817,-0.17000000000007276,High
32,171,20,18.125616,-1.8743839263916016,-5.5600000000004,-0.25,High
32,172,19,13.421073,-5.578927040100098,5.0700000000006185,-0.049999999999954525,High
32,173,18,13.913582,-4.086418151855469,-0.6400000000003274,0.4900000000000091,High
32,174,17,11.611176,-5.388824462890625,0.9499999999998181,-0.35000000000002274,High
32,175,16,14.039009,-1.9609909057617188,0.9700000000002547,0.15999999999996817,High
32,176,15,14.475064,-0.5249357223510742,0.3099999999994907,0.01999999999998181,High
32,177,14,11.213675,-2.786325454711914,-0.9799999999995634,-0.15999999999996817,High
32,178,13,9.500886,-3.4991140365600586,-0.6499999999996362,-0.05999999999994543,High
32,179,12,9.863625,-2.1363754272460938,0.7299999999995634,0.37000000000000455,High
32,180,11,9.028765,-1.9712352752685547,3.199999999999818,-0.6000000000000227,High
32,181,10,7.217156,-2.782844066619873,-3.3499999999994543,0.7100000000000364,High
32,182,9,7.3356767,-1.664323329925537,3.5599999999994907,-0.4700000000000273,High
32,183,8,7.8026776,-0.19732236862182617,0.21000000000003638,-0.01999999999998181,High
32,184,7,9.111442,2.1114416122436523,2.0100000000002183,0.4399999999999409,High
32,185,6,7.2005744,1.2005743980407715,-0.9700000000002547,-0.13999999999998636,High
32,186,5,6.334454,1.33445405960083,-2.5999999999994543,-0.5900000000000318,High
32,187,4,4.734963,0.7349629402160645,0.4600000000000364,0.6200000000000045,High
32,188,3,4.705938,1.7059378623962402,3.619999999999891,-0.4800000000000182,High
32,189,2,4.7064652,2.706465244293213,-2.4200000000000728,0.3100000000000591,High
32,190,1,4.0687785,3.0687785148620605,3.8499999999994543,0.38999999999998636,High
32,191,0,4.995608,4.995607852935791,-2.149999999999636,-0.5299999999999727,High
34,1,194,127.92963,-66.07037353515625,0.0,0.0,Low
34,2,193,102.70056,-90.2994384765625,-0.3099999999994907,-0.2800000000000864,Low
34,3,192,97.49969,-94.50031280517578,-4.5900000000001455,0.7100000000000364,Low
34,4,191,106.113914,-84.8860855102539,1.2899999999999636,-0.6499999999999773,Low
34,5,190,101.26382,-88.7361831665039,-1.1499999999996362,-0.5299999999999727,Low
34,6,189,103.536964,-85.4630355834961,2.130000000000109,0.40999999999996817,Low
34,7,188,108.421646,-79.57835388183594,-2.430000000000291,0.7300000000000182,Low
34,8,187,108.13148,-78.86852264404297,-3.9600000000000364,-0.42000000000007276,Low
34,9,186,107.887215,-78.11278533935547,6.3400000000001455,0.22000000000002728,Low
34,10,185,107.55785,-77.44214630126953,-6.140000000000327,0.13999999999998636,Low
34,11,184,107.47498,-76.52501678466797,-2.1400000000003274,0.03999999999996362,Low
34,12,183,111.85182,-71.14817810058594,2.3400000000001455,0.15000000000009095,Low
34,13,182,108.6293,-73.37069702148438,6.210000000000036,-1.1600000000000819,Low
34,14,181,115.2857,-65.71430206298828,-1.6700000000000728,0.34000000000003183,Low
34,15,180,114.08182,-65.91818237304688,-0.819999999999709,0.40999999999996817,Low
34,16,179,114.496735,-64.50326538085938,0.10999999999967258,-0.13999999999998636,Low
34,17,178,117.36128,-60.63871765136719,3.100000000000364,-0.06999999999993634,Low
34,18,177,116.725624,-60.274375915527344,-8.63000000000011,-0.18000000000006366,Low
34,19,176,113.94975,-62.05024719238281,11.079999999999927,0.6499999999999773,Low
34,20,175,115.89088,-59.10912322998047,-6.389999999999418,-0.009999999999990905,Low
34,21,174,117.145294,-56.854705810546875,0.4899999999997817,-0.18999999999994088,Low
34,22,173,115.79867,-57.201332092285156,-2.600000000000364,-0.06000000000005912,Low
34,23,172,119.15592,-52.844078063964844,4.369999999999891,0.07000000000005002,Low
34,24,171,118.2397,-52.76029968261719,1.360000000000582,0.18999999999994088,Low
34,25,170,113.46408,-56.535919189453125,-5.760000000000218,-0.7599999999999909,Low
34,26,169,113.99581,-55.004188537597656,3.5799999999999272,0.7200000000000273,Low
34,27,168,113.12762,-54.87238311767578,-0.9800000000004729,-0.09000000000003183,Low
34,28,167,112.75028,-54.249717712402344,1.0800000000008367,-0.049999999999954525,Low
34,29,166,112.824745,-53.175254821777344,-3.8100000000004,-0.4399999999999409,Low
34,30,165,111.84197,-53.15802764892578,2.3100000000004,0.1999999999999318,Low
34,31,164,107.33193,-56.668067932128906,5.049999999999272,-0.30999999999994543,Low
34,32,163,107.15142,-55.84857940673828,-4.729999999999563,0.5,Low
34,33,162,111.05879,-50.94120788574219,4.109999999999673,-0.36000000000001364,Low
34,34,161,108.59578,-52.40422058105469,-4.819999999999709,0.2300000000000182,Low
34,35,160,120.056755,-39.94324493408203,-0.5299999999997453,-0.20000000000004547,Low
34,36,159,117.019165,-41.9808349609375,7.130000000000109,1.080000000000041,Low
34,37,158,118.22137,-39.77863311767578,-5.730000000000473,-0.5500000000000682,Low
34,38,157,118.36814,-38.631858825683594,6.890000000000327,0.029999999999972715,Low
34,39,156,115.091194,-40.90880584716797,-7.619999999999891,-0.2899999999999636,Low
34,40,155,112.55279,-42.44721221923828,10.069999999999709,0.20000000000004547,Low
34,41,154,112.38812,-41.61187744140625,-8.61999999999989,-0.9400000000000546,Low
34,42,153,112.74994,-40.25006103515625,1.8299999999999272,-0.2099999999999227,Low
34,43,152,110.67614,-41.32386016845703,-1.4700000000002547,0.8299999999999272,Low
34,44,151,110.192276,-40.80772399902344,-1.5100000000002183,0.34000000000003183,Low
34,45,150,110.636444,-39.363555908203125,-1.75,0.15999999999996817,Low
34,46,149,112.36168,-36.63832092285156,6.110000000000582,-0.049999999999954525,Low
34,47,148,111.56439,-36.43560791015625,-1.0799999999999272,-0.4600000000000364,Low
34,48,147,112.36727,-34.632728576660156,0.8499999999994543,-0.1999999999999318,Low
34,49,146,106.80977,-39.19023132324219,-3.9200000000000728,0.0,Low
34,50,145,106.860954,-38.13904571533203,-1.639999999999418,0.9099999999999682,Low
34,51,144,108.53325,-35.46675109863281,3.1899999999996,-0.7799999999999727,Low
34,52,143,107.9671,-35.03289794921875,-1.1700000000000728,0.4199999999999591,Low
34,53,142,110.33437,-31.665626525878906,6.800000000000182,-0.13999999999998636,Low
34,54,141,110.85654,-30.143463134765625,2.3100000000004,-0.5299999999999727,Low
34,55,140,109.68341,-30.31658935546875,-7.300000000000182,0.5499999999999545,Low
34,56,139,113.38043,-25.61956787109375,0.5599999999994907,-0.3100000000000591,Low
34,57,138,106.995285,-31.004714965820312,-0.5299999999997453,0.5100000000001046,Low
34,58,137,108.53289,-28.46710968017578,0.06999999999970896,-0.6400000000001,Low
34,59,136,110.573524,-25.426475524902344,4.160000000000764,0.22000000000002728,Low
34,60,135,105.31908,-29.680923461914062,-2.0900000000001455,0.5900000000000318,Low
34,61,134,107.844284,-26.155715942382812,3.0599999999994907,-0.8899999999999864,Low
34,62,133,102.900925,-30.099075317382812,-7.319999999999709,0.4599999999999227,Low
34,63,132,106.403694,-25.59630584716797,6.380000000000109,0.7800000000000864,Low
34,64,131,101.50228,-29.497718811035156,-2.730000000000473,-0.37000000000000455,Low
34,65,130,103.90835,-26.091651916503906,-5.349999999999454,-0.57000000000005,Low
34,66,129,103.10874,-25.891258239746094,4.75,-0.01999999999998181,Low
34,67,128,109.36265,-18.637351989746094,1.2399999999997817,0.11000000000001364,Low
34,68,127,111.57896,-15.421043395996094,-1.5399999999999636,0.38999999999998636,Low
34,69,126,111.68731,-14.312690734863281,-0.7600000000002183,0.06000000000005912,Low
34,70,125,109.76132,-15.238677978515625,2.619999999999891,-1.0200000000000955,Low
34,71,124,108.11049,-15.889511108398438,7.900000000000546,0.57000000000005,Low
34,72,123,107.16306,-15.836936950683594,-7.420000000000073,-0.21000000000003638,Low
34,73,122,107.70927,-14.290733337402344,3.6799999999993815,0.12999999999999545,Low
34,74,121,114.5771,-6.4228973388671875,-5.1799999999993815,0.37000000000000455,Low
34,75,120,109.729454,-10.270545959472656,-3.1900000000005093,-0.6999999999999318,Low
34,76,119,108.932465,-10.067535400390625,3.180000000000291,0.5,Low
34,77,118,102.130875,-15.869125366210938,0.680000000000291,0.16999999999995907,Low
34,78,117,107.46365,-9.536346435546875,0.9799999999995634,0.21000000000003638,Low
34,79,116,100.81446,-15.185539245605469,-4.199999999999818,-0.7000000000000455,Low
34,80,115,103.87779,-11.122207641601562,-0.9200000000000728,0.7799999999999727,Low
34,81,114,103.565956,-10.434043884277344,1.0200000000004366,-0.5499999999999545,Low
34,82,113,108.04954,-4.950462341308594,4.6799999999993815,-0.2899999999999636,Low
34,83,112,101.56785,-10.432151794433594,-1.6199999999998909,0.5799999999999272,Low
34,84,111,94.67076,-16.329238891601562,-2.0399999999999636,-0.12000000000000455,Low
34,85,110,94.66029,-15.339706420898438,-0.6400000000003274,0.25,Low
34,86,109,81.043655,-27.956344604492188,4.650000000000546,0.01999999999998181,Low
34,87,108,93.66577,-14.334228515625,3.4799999999995634,-0.6599999999999682,Low
34,88,107,91.72486,-15.275138854980469,-4.109999999999673,-0.2300000000000182,Low
34,89,106,88.868416,-17.13158416748047,-0.6199999999998909,0.8300000000000409,Low
34,90,105,91.1397,-13.860298156738281,5.309999999999491,0.13999999999998636,Low
34,91,104,93.542274,-10.457725524902344,-0.8899999999994179,-0.8400000000000318,Low
34,92,103,87.285324,-15.714675903320312,0.3599999999996726,0.16000000000008185,Low
34,93,102,95.13219,-6.8678131103515625,-0.4899999999997817,-0.06000000000005912,Low
34,94,101,95.82102,-5.178977966308594,-8.529999999999745,-0.14999999999997726,Low
34,95,100,98.76484,-1.2351608276367188,8.039999999999964,0.8799999999999955,Low
34,96,99,100.114334,1.1143341064453125,-5.910000000000764,-0.67999999999995,Low
34,97,98,99.19953,1.1995315551757812,3.280000000000655,0.06999999999993634,Low
34,98,97,103.67512,6.675117492675781,-3.630000000000109,0.16999999999995907,Low
34,99,96,102.66971,6.669708251953125,7.569999999999709,-0.12999999999999545,Low
34,100,95,96.27934,1.2793426513671875,4.380000000000109,0.8000000000000682,Low
34,101,94,89.51568,-4.484321594238281,-5.550000000000182,-0.8300000000000409,Low
34,102,93,85.92198,-7.0780181884765625,2.280000000000655,0.8400000000000318,Low
34,103,92,89.989006,-2.0109939575195312,-7.300000000000182,-0.36000000000001364,Low
34,104,91,89.539696,-1.4603042602539062,0.9200000000000728,-0.25,Low
34,105,90,87.508804,-2.4911956787109375,1.4200000000000728,0.2300000000000182,Low
34,106,89,85.81183,-3.18817138671875,-0.18000000000029104,0.18999999999994088,Low
34,107,88,77.75163,-10.248367309570312,4.260000000000218,-0.2999999999999545,Medium
34,108,87,78.597496,-8.402503967285156,-3.280000000000655,-0.03999999999996362,Medium
34,109,86,73.71726,-12.282737731933594,0.2600000000002183,-0.2400000000000091,Medium
34,110,85,83.38914,-1.6108627319335938,2.9200000000000728,0.4499999999999318,Low
34,111,84,89.45113,5.451133728027344,1.0,-0.25,Low
34,112,83,85.35011,2.3501129150390625,0.8500000000003638,-0.4699999999999136,Low
34,113,82,84.72464,2.724639892578125,-5.530000000000655,0.2999999999999545,Low
34,114,81,73.363174,-7.6368255615234375,3.7700000000004366,0.08000000000004093,Medium
34,115,80,72.22638,-7.77362060546875,-0.3500000000003638,-0.41000000000008185,Medium
34,116,79,63.461857,-15.538143157958984,6.329999999999927,0.6000000000000227,Medium
34,117,78,66.96648,-11.033523559570312,-5.559999999999491,0.12000000000000455,Medium
34,118,77,63.754288,-13.245712280273438,-1.25,-0.5499999999999545,Medium
34,119,76,68.9099,-7.0901031494140625,1.7799999999997453,0.4599999999999227,Medium
34,120,75,72.64958,-2.3504180908203125,6.75,0.10000000000002274,Medium
34,121,74,73.203735,-0.7962646484375,-8.61999999999989,0.04000000000007731,Medium
34,122,73,70.93574,-2.0642623901367188,2.0299999999997453,0.38999999999998636,Medium
34,123,72,59.45396,-12.546039581298828,0.3600000000005821,-0.4700000000000273,Medium
34,124,71,55.06132,-15.938678741455078,-0.5,-0.2699999999999818,Medium
34,125,70,53.880405,-16.11959457397461,7.529999999999745,0.009999999999990905,Medium
34,126,69,52.443542,-16.55645751953125,-4.039999999999964,-0.10000000000002274,Medium
34,127,68,44.36044,-23.63956069946289,-1.0900000000001455,-0.2599999999999909,Medium
34,128,67,37.171383,-29.828617095947266,2.319999999999709,0.6100000000000136,Medium
34,129,66,37.477913,-28.52208709716797,-3.1899999999996,-0.2799999999999727,Medium
34,130,65,43.152046,-21.84795379638672,7.1899999999996,0.5299999999999727,Medium
34,131,64,39.899162,-24.10083770751953,4.8400000000001455,-0.22000000000002728,Medium
34,132,63,45.768074,-17.23192596435547,-8.099999999999454,-0.36000000000001364,Medium
34,133,62,56.134125,-5.865875244140625,2.2299999999995634,-0.12999999999999545,Medium
34,134,61,52.931683,-8.068317413330078,-1.25,0.7699999999999818,Medium
34,135,60,58.298702,-1.7012977600097656,-3.4799999999995634,-0.4199999999999591,Medium
34,136,59,51.21971,-7.7802886962890625,1.9299999999993815,-0.18000000000006366,Medium
34,137,58,45.578358,-12.421642303466797,4.4099999999998545,0.030000000000086402,Medium
34,138,57,50.0627,-6.9373016357421875,-5.019999999999527,0.40999999999996817,Medium
34,139,56,50.93858,-5.061420440673828,3.550000000000182,-0.2300000000000182,Medium
34,140,55,48.454235,-6.545764923095703,5.920000000000073,0.8600000000000136,Medium
34,141,54,54.363255,0.3632545471191406,-8.460000000000036,-0.5199999999999818,Medium
34,142,53,49.87276,-3.127239227294922,4.889999999999418,-0.6000000000000227,Medium
34,143,52,50.428837,-1.5711631774902344,7.220000000000255,0.7799999999999727,Medium
34,144,51,45.649227,-5.350772857666016,-1.2200000000002547,-0.13999999999998636,Medium
34,145,50,47.765907,-2.2340927124023438,-3.2799999999997453,-0.38999999999998636,Medium
34,146,49,42.598007,-6.4019927978515625,6.520000000000437,0.18000000000006366,Medium
34,147,48,44.33742,-3.662578582763672,-7.050000000000182,-0.21000000000003638,Medium
34,148,47,45.57771,-1.4222908020019531,4.699999999999818,0.12999999999999545,Medium
34,149,46,45.49702,-0.5029792785644531,-2.7100000000000364,-0.15999999999996817,Medium
34,150,45,54.094276,9.094276428222656,3.25,0.7599999999999909,Medium
34,151,44,51.405514,7.405513763427734,-5.460000000000036,-0.6100000000000136,Medium
34,152,43,47.843956,4.843955993652344,3.7399999999997817,0.009999999999990905,Medium
34,153,42,44.63383,2.633831024169922,3.7100000000000364,0.21000000000003638,Medium
34,154,41,44.09474,3.0947418212890625,-4.789999999999964,-0.2700000000000955,Medium
34,155,40,41.13942,1.1394195556640625,10.210000000000036,0.19000000000005457,Medium
34,156,39,40.478672,1.4786720275878906,-0.6199999999998909,-0.06000000000005912,Medium
34,157,38,38.160324,0.1603240966796875,3.1899999999996,0.09000000000003183,Medium
34,158,37,38.589054,1.5890541076660156,-4.549999999999272,0.42000000000007276,Medium
34,159,36,38.11082,2.110820770263672,-3.1900000000005093,-0.11000000000001364,Medium
34,160,35,37.122784,2.122783660888672,-0.3599999999996726,-0.4700000000000273,Medium
34,161,34,37.737343,3.7373428344726562,2.680000000000291,0.0,Medium
34,162,33,36.255238,3.255237579345703,7.729999999999563,0.2799999999999727,Medium
34,163,32,42.542423,10.542423248291016,-4.890000000000327,0.2599999999999909,Medium
34,164,31,30.77828,-0.22171974182128906,4.8400000000001455,-0.2300000000000182,Medium
34,165,30,34.50015,4.500148773193359,2.5700000000006185,0.09000000000003183,Medium
34,166,29,29.627857,0.6278572082519531,-2.5900000000001455,-0.4700000000000273,High
34,167,28,23.84663,-4.153369903564453,1.069999999999709,0.12999999999999545,High
34,168,27,26.267448,-0.7325515747070312,-2.25,0.10000000000002274,High
34,169,26,26.500376,0.5003757476806641,6.5900000000001455,0.17000000000007276,High
34,170,25,24.930286,-0.06971359252929688,-4.690000000000509,0.029999999999972715,High
34,171,24,28.682365,4.682365417480469,3.4600000000000364,-0.6600000000000819,High
34,172,23,26.821625,3.821624755859375,-1.639999999999418,0.5400000000000773,High
34,173,22,27.673185,5.673185348510742,5.819999999999709,0.4800000000000182,High
34,174,21,24.448257,3.4482574462890625,1.7799999999997453,-0.16000000000008185,High
34,175,20,26.153656,6.153656005859375,5.769999999999527,-0.6499999999999773,High
34,176,19,22.730566,3.7305660247802734,-3.8199999999987995,0.6399999999999864,High
34,177,18,21.557846,3.5578460693359375,3.3999999999987267,-0.18999999999994088,High
34,178,17,19.293926,2.293926239013672,-0.15999999999985448,0.2300000000000182,High
34,179,16,19.022764,3.022764205932617,-3.4499999999989086,0.029999999999972715,High
34,180,15,20.597208,5.597208023071289,4.020000000000437,-0.2699999999999818,High
34,181,14,19.21003,5.210029602050781,4.759999999998399,-0.030000000000086402,High
34,182,13,16.68007,3.6800708770751953,-0.21999999999934516,0.18000000000006366,High
34,183,12,14.68126,2.681260108947754,3.8700000000008004,0.15999999999996817,High
34,184,11,14.90733,3.907329559326172,-3.1300000000010186,-0.4600000000000364,High
34,185,10,12.113752,2.1137523651123047,3.040000000000873,0.19000000000005457,High
34,186,9,10.186905,1.1869049072265625,8.180000000000291,0.5,High
34,187,8,9.145804,1.1458044052124023,-6.920000000000073,0.15999999999996817,High
34,188,7,8.372548,1.3725481033325195,10.139999999999418,-0.2799999999999727,High
34,189,6,7.553433,1.5534329414367676,5.239999999999782,0.2999999999999545,High
34,190,5,6.5297265,1.529726505279541,-3.6700000000000728,-0.6399999999999864,High
34,191,4,5.3056912,1.3056912422180176,0.27000000000043656,0.5400000000000773,High
34,192,3,4.3346047,1.3346047401428223,-0.07999999999992724,-0.3000000000000682,High
34,193,2,4.7410207,2.741020679473877,4.309999999999491,0.08000000000004093,High
34,194,1,3.973261,2.9732611179351807,8.040000000000873,-0.16999999999995907,High
34,195,0,3.5120664,3.51206636428833,1.889999999999418,0.5,High
40,1,187,98.79202,-88.20797729492188,0.0,0.0,Low
40,2,186,99.32026,-86.67974090576172,3.119999999999891,0.1999999999999318,Low
40,3,185,81.68588,-103.31411743164062,4.5900000000001455,0.2800000000000864,Low
40,4,184,112.06554,-71.93446350097656,-5.9099999999998545,-0.43000000000006366,Low
40,5,183,105.33664,-77.66336059570312,-3.7799999999997453,0.13999999999998636,Low
40,6,182,107.63515,-74.36485290527344,0.8299999999999272,-0.06999999999993634,Low
40,7,181,105.38396,-75.61604309082031,5.779999999999745,-0.37000000000000455,Low
40,8,180,104.11519,-75.88481140136719,-4.720000000000255,0.31999999999993634,Low
40,9,179,105.93692,-73.06307983398438,-0.6899999999995998,0.009999999999990905,Low
40,10,178,105.301346,-72.69865417480469,2.699999999999818,0.04000000000007731,Low
40,11,177,112.72861,-64.27139282226562,3.699999999999818,-0.4700000000000273,Low
40,12,176,108.833015,-67.16698455810547,-3.3499999999994543,0.14999999999997726,Low
40,13,175,107.643585,-67.35641479492188,-3.0900000000001455,0.43000000000006366,Low
40,14,174,102.246544,-71.75345611572266,0.1999999999998181,-0.7600000000001046,Low
40,15,173,101.01683,-71.98316955566406,2.6400000000003274,1.0100000000001046,Low
40,16,172,103.48387,-68.51612854003906,0.06999999999970896,0.009999999999990905,Low
40,17,171,99.25894,-71.74105834960938,4.260000000000218,-0.6400000000001,Low
40,18,170,98.64436,-71.35563659667969,-9.590000000000146,0.08000000000004093,Low
40,19,169,102.70082,-66.29917907714844,3.4399999999996,0.5500000000000682,Low
40,20,168,106.36549,-61.63450622558594,-0.5599999999994907,-0.8600000000000136,Low
40,21,167,113.13515,-53.86485290527344,2.75,0.17999999999994998,Low
40,22,166,100.81229,-65.18771362304688,-2.9899999999997817,0.6900000000000546,Low
40,23,165,98.80588,-66.19412231445312,1.319999999999709,-0.82000000000005,Low
40,24,164,100.106766,-63.89323425292969,2.149999999999636,0.4199999999999591,Low
40,25,163,99.15498,-63.84501647949219,-2.5999999999994543,0.36000000000001364,Low
40,26,162,108.95389,-53.046112060546875,1.7799999999997453,-0.37000000000000455,Low
40,27,161,106.2412,-54.75879669189453,0.1999999999998181,0.2599999999999909,Low
40,28,160,107.899345,-52.10065460205078,-3.2399999999997817,0.06000000000005912,Low
40,29,159,114.10598,-44.894020080566406,-1.0900000000001455,-0.82000000000005,Low
40,30,158,105.32356,-52.67643737792969,3.600000000000364,0.2900000000000773,Low
40,31,157,106.10155,-50.89845275878906,0.5799999999999272,0.08999999999991815,Low
40,32,156,109.468124,-46.53187561035156,2.130000000000109,0.4600000000000364,Low
40,33,155,107.35001,-47.649986267089844,-2.6700000000000728,-0.38999999999998636,Low
40,34,154,105.847595,-48.15240478515625,-2.869999999999891,0.34000000000003183,Low
40,35,153,103.01018,-49.98982238769531,8.019999999999527,-0.25,Low
40,36,152,100.12453,-51.87547302246094,-2.4200000000000728,0.2899999999999636,Low
40,37,151,94.30527,-56.694732666015625,-1.069999999999709,-0.5800000000000409,Low
40,38,150,99.97346,-50.02654266357422,-2.610000000000582,0.06000000000005912,Low
40,39,149,98.84127,-50.158729553222656,1.5800000000008367,-0.12000000000000455,Low
40,40,148,99.49084,-48.50916290283203,3.5799999999999272,0.7200000000000273,Low
40,41,147,86.844246,-60.15575408935547,-2.8900000000003274,-0.7599999999999909,Low
40,42,146,108.75182,-37.24817657470703,-3.0900000000001455,0.5299999999999727,Low
40,43,145,100.37412,-44.625877380371094,-0.8099999999994907,-0.34000000000003183,Low
40,44,144,102.0952,-41.90480041503906,3.319999999999709,0.10000000000002274,Low
40,45,143,105.50516,-37.494842529296875,-3.069999999999709,0.03999999999996362,Low
40,46,142,112.73644,-29.26355743408203,1.5799999999999272,-0.14999999999997726,Low
40,47,141,112.78867,-28.211326599121094,4.460000000000036,-0.049999999999954525,Low
40,48,140,100.02744,-39.972557067871094,-5.710000000000036,0.06999999999993634,Low
40,49,139,98.955414,-40.044586181640625,8.920000000000073,-0.15999999999996817,Low
40,50,138,109.29579,-28.704208374023438,-8.210000000000036,0.17999999999994998,Low
40,51,137,109.52765,-27.47235107421875,2.130000000000109,-0.10000000000002274,Low
40,52,136,109.772194,-26.227806091308594,-2.350000000000364,0.7200000000000273,Low
40,53,135,105.98098,-29.019020080566406,-0.19000000000050932,-0.92999999999995,Low
40,54,134,106.27831,-27.72168731689453,6.100000000000364,0.5299999999999727,Low
40,55,133,100.30255,-32.69744873046875,-3.5,0.2899999999999636,Low
40,56,132,101.51093,-30.48906707763672,0.6700000000000728,-0.8299999999999272,Low
40,57,131,102.92278,-28.07721710205078,-1.930000000000291,0.37999999999999545,Low
40,58,130,105.46877,-24.531227111816406,-0.3899999999994179,0.009999999999990905,Low
40,59,129,107.14402,-21.855979919433594,3.4799999999995634,0.31999999999993634,Low
40,60,128,104.65905,-23.34095001220703,-0.569999999999709,-0.14999999999997726,Low
40,61,127,104.342964,-22.65703582763672,-0.4400000000005093,-0.2699999999999818,Low
40,62,126,102.49608,-23.503921508789062,-4.989999999999782,-0.38999999999998636,Low
40,63,125,99.38745,-25.612548828125,12.029999999999745,0.4399999999999409,Low
40,64,124,105.3573,-18.6427001953125,-3.069999999999709,0.16000000000008185,Low
40,65,123,104.250435,-18.74956512451172,-2.7899999999999636,-0.05000000000006821,Low
40,66,122,104.5724,-17.427597045898438,-1.319999999999709,-0.12999999999999545,Low
40,67,121,106.25395,-14.746047973632812,1.7600000000002183,-0.06999999999993634,Low
40,68,120,100.43458,-19.56542205810547,-0.12000000000080036,0.9399999999999409,Low
40,69,119,97.202515,-21.7974853515625,2.1400000000003274,-0.4700000000000273,Low
40,70,118,102.322464,-15.677536010742188,1.5,0.0,Low
40,71,117,106.20181,-10.798187255859375,-3.100000000000364,-0.75,Low
40,72,116,104.8816,-11.118400573730469,0.660000000000764,0.19000000000005457,Low
40,73,115,109.52446,-5.4755401611328125,-3.0900000000001455,-0.14999999999997726,Low
40,74,114,96.19409,-17.805908203125,4.300000000000182,0.17999999999994998,Low
40,75,113,103.00183,-9.9981689453125,-9.470000000000255,0.34000000000003183,Low
40,76,112,94.89581,-17.10418701171875,8.389999999999418,-0.44000000000005457,Low
40,77,111,91.996925,-19.003074645996094,-2.2799999999997453,-0.18999999999994088,Low
40,78,110,85.037926,-24.962074279785156,-2.5100000000002183,0.92999999999995,Low
40,79,109,87.53788,-21.462120056152344,-0.009999999999308784,-0.34999999999990905,Low
40,80,108,93.29712,-14.702880859375,5.479999999999563,-0.18000000000006366,Low
40,81,107,92.66292,-14.337081909179688,-4.25,0.35000000000002274,Low
40,82,106,88.45921,-17.540786743164062,-2.519999999999527,-0.40999999999996817,Low
40,83,105,82.423615,-22.576385498046875,0.7199999999993452,0.5099999999999909,Low
40,84,104,90.62195,-13.3780517578125,2.480000000000473,-0.22000000000002728,Low
40,85,103,84.63656,-18.363441467285156,6.210000000000036,0.009999999999990905,Low
40,86,102,87.95453,-14.04547119140625,-10.930000000000291,0.40999999999996817,Low
40,87,101,72.37642,-28.623580932617188,9.029999999999745,-0.14999999999997726,Medium
40,88,100,73.9207,-26.079299926757812,-1.1899999999995998,-0.7300000000000182,Medium
40,89,99,71.93456,-27.06543731689453,4.720000000000255,0.39999999999997726,Medium
40,90,98,62.09251,-35.90748977661133,-3.7000000000007276,-0.09999999999990905,Medium
40,91,97,61.05411,-35.94588851928711,2.2200000000002547,0.8700000000000045,Medium
40,92,96,63.110058,-32.88994216918945,-1.389999999999418,-0.5600000000000591,Medium
40,93,95,58.787563,-36.21243667602539,-2.25,0.36000000000001364,Medium
40,94,94,53.889137,-40.110862731933594,2.75,-0.4199999999999591,Medium
40,95,93,55.889523,-37.110477447509766,-6.260000000000218,0.25,Medium
40,96,92,65.83993,-26.160072326660156,9.099999999999454,-0.9300000000000637,Medium
40,97,91,72.93547,-18.064529418945312,-3.2399999999997817,0.39999999999997726,Medium
40,98,90,69.181465,-20.81853485107422,-0.3899999999994179,-0.2399999999998954,Medium
40,99,89,75.79687,-13.203132629394531,0.46999999999934516,0.11999999999989086,Medium
40,100,88,77.05162,-10.948379516601562,-0.7399999999997817,0.05000000000006821,Medium
40,101,87,73.24691,-13.753089904785156,-3.1400000000003274,0.30999999999994543,Medium
40,102,86,73.11845,-12.881553649902344,6.0600000000004,-0.03999999999996362,Medium
40,103,85,77.63456,-7.365440368652344,0.7799999999997453,0.2899999999999636,Medium
40,104,84,79.18021,-4.819793701171875,1.2200000000002547,0.04000000000007731,Medium
40,105,83,83.047516,0.047515869140625,-5.149999999999636,-0.3300000000000409,Low
40,106,82,81.268,-0.7320022583007812,5.029999999999745,0.36000000000001364,Low
40,107,81,72.55774,-8.4422607421875,-10.270000000000437,-0.19000000000005457,Medium
40,108,80,66.20376,-13.796241760253906,6.25,0.6000000000000227,Medium
40,109,79,62.495213,-16.50478744506836,-0.36999999999989086,-1.0,Medium
40,110,78,61.44327,-16.55672836303711,0.1000000000003638,0.39999999999997726,Medium
40,111,77,60.88311,-16.11688995361328,-2.050000000000182,-0.18999999999994088,Medium
40,112,76,58.622017,-17.37798309326172,4.960000000000036,-0.2300000000000182,Medium
40,113,75,57.86378,-17.136219024658203,-3.930000000000291,0.6599999999999682,Medium
40,114,74,52.244946,-21.755054473876953,2.880000000000109,0.06000000000005912,Medium
40,115,73,51.365887,-21.634113311767578,5.359999999999673,-0.8600000000000136,Medium
40,116,72,49.240234,-22.759765625,0.5900000000001455,0.8999999999999773,Medium
40,117,71,48.515564,-22.48443603515625,-0.9499999999998181,-0.39999999999997726,Medium
40,118,70,54.477432,-15.522567749023438,-1.3099999999994907,-0.15999999999996817,Medium
40,119,69,53.209427,-15.790573120117188,5.009999999999309,0.39999999999997726,Medium
40,120,68,48.3538,-19.646198272705078,-8.88000000000011,0.4600000000000364,Medium
40,121,67,48.07622,-18.923778533935547,6.3100000000004,-1.0300000000000864,Medium
40,122,66,42.46874,-23.531261444091797,-1.9200000000000728,0.7300000000000182,Medium
40,123,65,44.149303,-20.850696563720703,-1.2799999999997453,-0.39999999999997726,Medium
40,124,64,49.476597,-14.52340316772461,2.6099999999996726,0.20000000000004547,Medium
40,125,63,51.018726,-11.981273651123047,-7.829999999999927,-0.7100000000000364,Medium
40,126,62,49.92903,-12.070968627929688,8.909999999999854,0.8299999999999272,Medium
40,127,61,49.954247,-11.045753479003906,-2.6899999999996,-0.31999999999993634,Medium
40,128,60,45.966473,-14.033527374267578,4.220000000000255,0.4800000000000182,Medium
40,129,59,46.712864,-12.28713607788086,-5.5600000000004,-0.35000000000002274,Medium
40,130,58,51.36728,-6.632720947265625,1.1400000000003274,-0.5399999999999636,Medium
40,131,57,50.24156,-6.7584381103515625,-0.27000000000043656,0.4599999999999227,Medium
40,132,56,47.43025,-8.569751739501953,6.140000000000327,-0.12999999999999545,Medium
40,133,55,45.65588,-9.344120025634766,-2.119999999999891,-0.10000000000002274,Medium
40,134,54,46.407944,-7.5920562744140625,0.3899999999994179,0.15000000000009095,Medium
40,135,53,39.97233,-13.027671813964844,-1.3699999999998909,0.31999999999993634,Medium
40,136,52,39.632008,-12.367992401123047,-2.9099999999998545,-0.5299999999999727,Medium
40,137,51,39.960217,-11.039783477783203,4.100000000000364,0.0,Medium
40,138,50,38.793503,-11.206497192382812,-3.8700000000008004,0.09000000000003183,Medium
40,139,49,40.171795,-8.828205108642578,2.0900000000001455,0.17999999999994998,Medium
40,140,48,42.682583,-5.317417144775391,4.289999999999964,0.09000000000003183,Medium
40,141,47,35.979748,-11.020252227783203,-0.8299999999999272,-0.7000000000000455,Medium
40,142,46,40.79219,-5.2078094482421875,5.5,1.0500000000000682,Medium
40,143,45,40.034126,-4.965873718261719,-1.1199999999998909,-0.57000000000005,Medium
40,144,44,33.511715,-10.488285064697266,-3.769999999999527,0.8300000000000409,Medium
40,145,43,35.61559,-7.384410858154297,7.989999999999782,-0.8500000000000227,Medium
40,146,42,39.755257,-2.2447433471679688,-10.079999999999927,0.4399999999999409,Medium
40,147,41,36.369717,-4.630283355712891,10.479999999999563,0.0,Medium
40,148,40,33.53824,-6.461761474609375,-1.569999999999709,0.2300000000000182,Medium
40,149,39,35.48782,-3.5121803283691406,1.019999999999527,-0.7699999999999818,Medium
40,150,38,33.20855,-4.791450500488281,0.8000000000001819,0.7899999999999636,Medium
40,151,37,36.30139,-0.6986083984375,2.850000000000364,-0.7199999999999136,Medium
40,152,36,35.68929,-0.3107109069824219,-4.0900000000001455,0.8099999999999454,Medium
40,153,35,28.198347,-6.801652908325195,-1.0900000000001455,-0.4199999999999591,High
40,154,34,26.657993,-7.342006683349609,-1.3800000000001091,-0.10000000000002274,High
40,155,33,24.087574,-8.912425994873047,7.800000000000182,-0.09000000000003183,High
40,156,32,24.063501,-7.936498641967773,-1.6000000000003638,0.40000000000009095,High
40,157,31,24.375803,-6.624197006225586,1.8700000000008004,-0.5300000000000864,High
40,158,30,21.757877,-8.242122650146484,-2.980000000000473,0.05000000000006821,High
40,159,29,22.931627,-6.06837272644043,0.23999999999978172,0.4499999999999318,High
40,160,28,22.032701,-5.96729850769043,2.5100000000002183,-0.5399999999999636,High
40,161,27,20.941109,-6.058891296386719,1.4200000000000728,0.6599999999999682,High
40,162,26,18.306469,-7.693531036376953,0.75,0.16000000000008185,High
40,163,25,21.268158,-3.731842041015625,-5.300000000000182,-0.5200000000000955,High
40,164,24,22.651049,-1.3489513397216797,8.050000000000182,0.36000000000001364,High
40,165,23,23.379827,0.37982749938964844,-2.199999999999818,-0.07999999999992724,High
40,166,22,20.27076,-1.7292404174804688,1.050000000000182,0.13999999999998636,High
40,167,21,21.184137,0.18413734436035156,-3.5200000000004366,0.01999999999998181,High
40,168,20,20.31888,0.3188800811767578,5.220000000000255,-0.40999999999996817,High
40,169,19,17.27467,-1.7253303527832031,3.389999999999418,0.06999999999993634,High
40,170,18,17.302223,-0.6977767944335938,2.4000000000005457,0.01999999999998181,High
40,171,17,14.504495,-2.4955053329467773,0.8400000000001455,0.15000000000009095,High
40,172,16,15.260782,-0.7392177581787109,4.050000000000182,-0.020000000000095497,High
40,173,15,11.581952,-3.4180479049682617,-5.0900000000001455,0.5300000000000864,High
40,174,14,9.51609,-4.483909606933594,7.4299999999993815,-0.44000000000005457,High
40,175,13,8.689459,-4.310541152954102,-7.019999999999527,0.12000000000000455,High
40,176,12,7.458711,-4.54128885269165,6.079999999999927,0.34000000000003183,High
40,177,11,7.01162,-3.988379955291748,-3.850000000000364,0.2899999999999636,High
40,178,10,8.645753,-1.3542470932006836,7.5,-0.3300000000000409,High
40,179,9,7.48463,-1.5153698921203613,3.399999999999636,-0.6299999999999955,High
40,180,8,6.9074874,-1.092512607574463,-5.809999999999491,0.37999999999999545,High
40,181,7,4.902288,-2.0977120399475098,7.719999999999345,-0.34999999999990905,High
40,182,6,4.714601,-1.2853989601135254,-0.2999999999992724,0.4799999999999045,High
40,183,5,4.7552447,-0.24475526809692383,1.7600000000002183,-0.10999999999989996,High
40,184,4,4.495198,0.49519777297973633,4.119999999998981,-0.11000000000001364,High
40,185,3,3.8468208,0.8468208312988281,-5.68999999999869,-0.2699999999999818,High
40,186,2,4.179768,2.1797680854797363,4.3400000000001455,0.2799999999999727,High
40,187,1,3.3294988,2.329498767852783,0.5399999999990541,0.4599999999999227,High
40,188,0,2.4968822,2.496882200241089,3.860000000000582,-0.18999999999994088,High
45,1,157,129.53877,-27.461227416992188,0.0,0.0,Low
45,2,156,126.213196,-29.78680419921875,4.930000000000291,0.17000000000007276,Low
45,3,155,123.66446,-31.335540771484375,0.7399999999997817,-0.7400000000000091,Low
45,4,154,119.73098,-34.269020080566406,3.649999999999636,0.67999999999995,Low
45,5,153,120.50988,-32.49011993408203,-6.979999999999563,-0.08000000000004093,Low
45,6,152,122.60856,-29.391441345214844,-3.2200000000002547,-0.17999999999994998,Low
45,7,151,124.58939,-26.410606384277344,2.75,0.34000000000003183,Low
45,8,150,120.977745,-29.022254943847656,-8.819999999999709,-0.8400000000000318,Low
45,9,149,120.523674,-28.47632598876953,7.0,0.7300000000000182,Low
45,10,148,119.33637,-28.66362762451172,3.9200000000000728,-0.2899999999999636,Low
45,11,147,120.07795,-26.92205047607422,-3.369999999999891,-0.15000000000009095,Low
45,12,146,118.806076,-27.193923950195312,-1.860000000000582,0.19000000000005457,Low
45,13,145,120.24603,-24.75396728515625,7.900000000000546,-0.39999999999997726,Low
45,14,144,120.77511,-23.224891662597656,-2.730000000000473,0.37000000000000455,Low
45,15,143,122.71801,-20.28199005126953,-1.769999999999527,-0.05000000000006821,Low
45,16,142,120.96645,-21.033546447753906,-1.9700000000002547,0.12999999999999545,Low
45,17,141,124.910484,-16.089515686035156,1.800000000000182,-0.22000000000002728,Low
45,18,140,124.95916,-15.040840148925781,5.509999999999309,0.41000000000008185,Low
45,19,139,124.8212,-14.178802490234375,-7.079999999999927,-0.5600000000000591,Low
45,20,138,123.827446,-14.172554016113281,-1.1099999999996726,0.20000000000004547,Low
45,21,137,124.52121,-12.478790283203125,-0.25,0.12000000000000455,Low
45,22,136,123.569305,-12.430694580078125,4.8400000000001455,0.40999999999996817,Low
45,23,135,123.07146,-11.928543090820312,4.039999999999964,-0.3300000000000409,Low
45,24,134,123.16901,-10.83099365234375,-5.800000000000182,-0.15999999999996817,Low
45,25,133,123.41024,-9.589759826660156,2.180000000000291,0.5900000000000318,Low
45,26,132,122.21611,-9.783889770507812,-3.3100000000004,-1.169999999999959,Low
45,27,131,123.115585,-7.8844146728515625,-1.4600000000000364,0.06999999999993634,Low
45,28,130,122.608215,-7.39178466796875,-2.75,0.36000000000001364,Low
45,29,129,122.7493,-6.250701904296875,2.5299999999997453,-0.34000000000003183,Low
45,30,128,122.43123,-5.5687713623046875,-0.8299999999999272,0.21000000000003638,Low
45,31,127,120.97788,-6.022117614746094,4.030000000000655,0.12000000000000455,Low
45,32,126,119.59578,-6.4042205810546875,-5.75,0.8400000000000318,Low
45,33,125,122.8446,-2.1554031372070312,7.139999999999418,-0.6800000000000637,Low
45,34,124,113.319176,-10.680824279785156,-6.1799999999993815,-0.049999999999954525,Low
45,35,123,113.334885,-9.665115356445312,4.729999999999563,0.11000000000001364,Low
45,36,122,112.719284,-9.280715942382812,-1.180000000000291,-0.17000000000007276,Low
45,37,121,114.07841,-6.921592712402344,3.530000000000655,-0.32999999999992724,Low
45,38,120,114.8473,-5.152702331542969,-3.0,0.5,Low
45,39,119,114.13906,-4.860939025878906,0.32999999999992724,-0.2300000000000182,Low
45,40,118,115.38482,-2.6151809692382812,2.050000000000182,0.10000000000002274,Low
45,41,117,118.32996,1.3299636840820312,-1.610000000000582,0.15999999999996817,Low
45,42,116,121.41768,5.4176788330078125,-0.9499999999998181,0.08000000000004093,Low
45,43,115,122.27801,7.278007507324219,0.10999999999967258,-0.15000000000009095,Low
45,44,114,123.53151,9.531509399414062,-7.039999999999964,-0.09999999999990905,Low
45,45,113,122.96741,9.9674072265625,14.69000000000051,0.07999999999992724,Low
45,46,112,121.21806,9.218063354492188,-8.0,1.0199999999999818,Low
45,47,111,122.50329,11.503288269042969,4.460000000000036,-1.259999999999991,Low
45,48,110,122.73098,12.730979919433594,-5.180000000000291,0.11000000000001364,Low
45,49,109,121.44586,12.44586181640625,-1.9700000000002547,0.15999999999996817,Low
45,50,108,120.379295,12.379295349121094,6.170000000000073,-0.5599999999999454,Low
45,51,107,117.39414,10.394142150878906,-8.920000000000073,1.07000000000005,Low
45,52,106,118.246605,12.246604919433594,7.619999999999891,-0.010000000000104592,Low
45,53,105,114.57045,9.570449829101562,-0.16999999999916326,-0.33999999999991815,Low
45,54,104,119.63578,15.635780334472656,-0.5100000000002183,0.2799999999999727,Low
45,55,103,118.76608,15.766082763671875,-1.0900000000001455,-0.7799999999999727,Low
45,56,102,119.5077,17.50769805908203,2.069999999999709,0.2799999999999727,Low
45,57,101,119.25495,18.25495147705078,-1.5999999999994543,0.11000000000001364,Low
45,58,100,119.61257,19.612571716308594,-3.9000000000005457,0.2300000000000182,Low
45,59,99,122.15568,23.155677795410156,-3.0599999999994907,-0.35000000000002274,Low
45,60,98,122.570404,24.570404052734375,6.5900000000001455,0.31999999999993634,Low
45,61,97,121.12806,24.12805938720703,-0.7899999999999636,-0.5,Low
45,62,96,119.14856,23.1485595703125,3.5999999999994543,0.7300000000000182,Low
45,63,95,120.36427,25.364273071289062,-4.260000000000218,-0.5899999999999181,Low
45,64,94,121.42913,27.42913055419922,1.050000000000182,0.4199999999999591,Low
45,65,93,119.80711,26.807113647460938,1.5900000000001455,-0.10000000000002274,Low
45,66,92,117.87019,25.870193481445312,5.1599999999998545,-0.42999999999995,Low
45,67,91,114.76945,23.769447326660156,-10.319999999999709,-0.09000000000003183,Low
45,68,90,116.79148,26.791481018066406,6.319999999999709,0.7100000000000364,Low
45,69,89,116.12317,27.1231689453125,1.8400000000001455,0.03999999999996362,Low
45,70,88,117.74608,29.746078491210938,-2.7299999999995634,-0.37000000000000455,Low
45,71,87,115.79959,28.799591064453125,-3.2000000000007276,0.4700000000000273,Low
45,72,86,113.764595,27.76459503173828,9.710000000000036,-0.21000000000003638,Low
45,73,85,114.060165,29.060165405273438,-9.25,-0.18999999999994088,Low
45,74,84,119.12232,35.12232208251953,-1.9399999999995998,0.06999999999993634,Low
45,75,83,116.353386,33.35338592529297,4.239999999999782,-0.2999999999999545,Low
45,76,82,118.742584,36.742584228515625,-1.1499999999996362,0.31999999999993634,Low
45,77,81,116.0592,35.05919647216797,3.1099999999996726,0.57000000000005,Low
45,78,80,119.64481,39.644813537597656,-2.1099999999996726,-0.9300000000000637,Low
45,79,79,119.43942,40.439422607421875,2.2399999999997817,0.25,Low
45,80,78,116.16739,38.167388916015625,-4.920000000000073,0.3000000000000682,Low
45,81,77,112.19273,35.19273376464844,-1.1199999999998909,-0.44000000000005457,Low
45,82,76,116.34277,40.3427734375,6.979999999999563,0.6200000000000045,Low
45,83,75,114.87699,39.876991271972656,-3.3299999999999272,-0.10000000000002274,Low
45,84,74,113.00795,39.00794982910156,2.869999999999891,-0.6599999999999682,Low
45,85,73,116.38322,43.383216857910156,0.27000000000043656,-0.25,Low
45,86,72,110.86789,38.867889404296875,-5.430000000000291,0.8300000000000409,Low
45,87,71,101.84772,30.84771728515625,5.890000000000327,-0.4700000000000273,Low
45,88,70,96.48432,26.48432159423828,2.399999999999636,0.19000000000005457,Low
45,89,69,96.76084,27.760841369628906,-3.5799999999999272,0.08999999999991815,Low
45,90,68,94.725525,26.72552490234375,-8.80999999999949,-0.2699999999999818,Low
45,91,67,87.77044,20.77043914794922,9.489999999999782,0.2300000000000182,Low
45,92,66,90.40223,24.40222930908203,-5.0,0.7200000000000273,Low
45,93,65,94.85582,29.855819702148438,4.380000000000109,-1.0600000000000591,Low
45,94,64,96.25632,32.256317138671875,0.8299999999999272,-0.25,Low
45,95,63,84.95743,21.957427978515625,-3.9700000000002547,0.36000000000001364,Low
45,96,62,94.9572,32.95719909667969,0.9800000000004729,0.32000000000005,Low
45,97,61,94.30664,33.306640625,2.8799999999991996,0.37999999999999545,Low
45,98,60,83.70339,23.703392028808594,-0.37999999999919964,0.0,Low
45,99,59,83.64865,24.648651123046875,-3.980000000000473,-0.3100000000000591,Low
45,100,58,78.20337,20.203369140625,4.770000000000437,0.36000000000001364,Medium
45,101,57,83.17123,26.171226501464844,4.219999999999345,-0.30999999999994543,Low
45,102,56,78.927284,22.927284240722656,-5.599999999999454,0.14999999999997726,Medium
45,103,55,73.32472,18.324722290039062,-8.050000000000182,-0.7200000000000273,Medium
45,104,54,68.08294,14.082939147949219,5.979999999999563,0.7599999999999909,Medium
45,105,53,69.56754,16.567543029785156,1.050000000000182,0.029999999999972715,Medium
45,106,52,66.64644,14.646438598632812,4.730000000000473,-0.31999999999993634,Medium
45,107,51,67.00484,16.004837036132812,-2.8200000000006185,0.12000000000000455,Medium
45,108,50,67.892685,17.892684936523438,1.3800000000001091,0.2300000000000182,Medium
45,109,49,69.43895,20.438949584960938,-0.25,-0.20000000000004547,Medium
45,110,48,71.67901,23.67900848388672,1.0100000000002183,-0.20000000000004547,Medium
45,111,47,76.438484,29.43848419189453,-5.670000000000073,0.3000000000000682,Medium
45,112,46,79.385414,33.385414123535156,3.4000000000005457,0.01999999999998181,Medium
45,113,45,71.20735,26.207351684570312,-0.4000000000005457,-0.13999999999998636,Medium
45,114,44,72.936134,28.936134338378906,7.529999999999745,0.15999999999996817,Medium
45,115,43,68.65943,25.65943145751953,-12.319999999999709,-0.39999999999997726,Medium
45,116,42,68.693954,26.693954467773438,5.8100000000004,1.1299999999999955,Medium
45,117,41,68.05207,27.05207061767578,5.649999999999636,-0.7300000000000182,Medium
45,118,40,66.57517,26.575172424316406,-3.4700000000002547,-0.42999999999995,Medium
45,119,39,63.216244,24.216243743896484,-5.029999999999745,0.36000000000001364,Medium
45,120,38,63.208828,25.20882797241211,4.550000000000182,-0.09000000000003183,Medium
45,121,37,59.138912,22.138912200927734,2.9399999999996,-0.029999999999972715,Medium
45,122,36,60.138157,24.13815689086914,-5.359999999999673,0.6499999999999773,Medium
45,123,35,55.53279,20.532791137695312,1.2100000000000364,-0.5299999999999727,Medium
45,124,34,59.829254,25.829254150390625,-0.8400000000001455,-0.14000000000010004,Medium
45,125,33,62.429386,29.429386138916016,-3.1599999999998545,-0.15999999999996817,Medium
45,126,32,56.813744,24.813743591308594,3.8599999999996726,0.6000000000000227,Medium
45,127,31,60.168724,29.168724060058594,-1.4299999999993815,-0.4199999999999591,Medium
45,128,30,56.728455,26.72845458984375,4.969999999999345,0.009999999999990905,Medium
45,129,29,52.79489,23.794891357421875,-3.469999999999345,0.8199999999999363,Medium
45,130,28,49.843193,21.84319305419922,0.7899999999999636,-0.92999999999995,Medium
45,131,27,52.048656,25.048656463623047,-4.030000000000655,0.2400000000000091,Medium
45,132,26,46.292965,20.292964935302734,5.970000000000255,0.15999999999996817,Medium
45,133,25,50.60109,25.601089477539062,-0.26999999999952706,-0.20000000000004547,Medium
45,134,24,48.042835,24.042835235595703,-5.3200000000006185,0.57000000000005,Medium
45,135,23,45.712376,22.71237564086914,4.75,-0.4900000000000091,Medium
45,136,22,47.002895,25.00289535522461,0.5799999999999272,0.0,Medium
45,137,21,45.980236,24.980236053466797,3.5900000000001455,0.44000000000005457,Medium
45,138,20,46.963436,26.963436126708984,-7.019999999999527,0.2199999999999136,Medium
45,139,19,42.92746,23.927459716796875,2.639999999999418,-0.4799999999999045,Medium
45,140,18,36.713985,18.713985443115234,2.300000000000182,0.0,Medium
45,141,17,34.17758,17.177581787109375,3.399999999999636,1.0,Medium
45,142,16,31.332062,15.332061767578125,-5.079999999999927,-0.8900000000001,Medium
45,143,15,29.636745,14.63674545288086,1.6700000000000728,0.15000000000009095,High
45,144,14,28.616156,14.616155624389648,6.579999999999927,-0.2800000000000864,High
45,145,13,24.358994,11.358993530273438,-3.759999999999309,0.11000000000001364,High
45,146,12,22.614843,10.614843368530273,-2.0900000000001455,-0.2099999999999227,High
45,147,11,26.491055,15.49105453491211,-1.9000000000005457,0.35999999999989996,High
45,148,10,22.373259,12.373258590698242,-6.279999999999745,-0.2699999999999818,High
45,149,9,19.737253,10.737253189086914,4.289999999999964,1.1100000000000136,High
45,150,8,17.203203,9.203203201293945,2.3599999999996726,-0.5299999999999727,High
45,151,7,14.4342985,7.434298515319824,-0.26999999999952706,-0.10000000000002274,High
45,152,6,12.140182,6.140181541442871,-3.730000000000473,0.029999999999972715,High
45,153,5,12.165508,7.165508270263672,4.050000000000182,-0.07999999999992724,High
45,154,4,12.740516,8.74051570892334,2.6700000000000728,0.12000000000000455,High
45,155,3,12.486408,9.486408233642578,-0.5199999999995271,-0.38999999999998636,High
45,156,2,8.477456,6.477456092834473,-3.550000000000182,0.5299999999999727,High
45,157,1,6.158089,5.1580891609191895,8.720000000000255,0.4700000000000273,High
45,158,0,5.339501,5.339500904083252,-7.760000000000218,-0.37000000000000455,High
46,1,255,122.844475,-132.15552520751953,0.0,0.0,Low
46,2,254,125.01264,-128.98735809326172,2.1599999999998545,-0.7400000000000091,Low
46,3,253,121.34769,-131.65231323242188,2.0299999999997453,0.7000000000000455,Low
46,4,252,121.68621,-130.31378936767578,4.199999999999818,-0.3300000000000409,Low
46,5,251,121.95808,-129.04192352294922,-5.420000000000073,-0.16999999999995907,Low
46,6,250,122.93514,-127.06485748291016,5.760000000000218,0.5899999999999181,Low
46,7,249,122.736176,-126.26382446289062,-1.949999999999818,-0.4900000000000091,Low
46,8,248,120.59213,-127.40786743164062,-4.899999999999636,0.14000000000010004,Low
46,9,247,120.84506,-126.15493774414062,4.119999999999891,-0.11000000000001364,Low
46,10,246,122.770065,-123.22993469238281,-3.869999999999891,-0.07000000000005002,Low
46,11,245,122.38141,-122.61859130859375,3.2899999999999636,0.4600000000000364,Low
46,12,244,121.45389,-122.54611206054688,-2.280000000000655,-0.08000000000004093,Low
46,13,243,121.952034,-121.04796600341797,-0.5900000000001455,-0.30999999999994543,Low
46,14,242,123.440285,-118.5597152709961,-3.0799999999999272,0.4800000000000182,Low
46,15,241,123.539734,-117.46026611328125,5.100000000000364,0.08999999999991815,Low
46,16,240,124.1394,-115.86060333251953,0.8000000000001819,-0.10000000000002274,Low
46,17,239,122.75898,-116.24102020263672,-1.9200000000000728,-0.6200000000000045,Low
46,18,238,121.93774,-116.06226348876953,-1.449999999999818,0.6700000000000728,Low
46,19,237,122.86454,-114.13545989990234,1.889999999999418,-0.2599999999999909,Low
46,20,236,123.33475,-112.66525268554688,-1.2199999999993452,-0.2400000000000091,Low
46,21,235,122.38066,-112.61933898925781,-0.4000000000005457,-0.32000000000005,Low
46,22,234,122.84946,-111.15054321289062,-5.699999999999818,0.5400000000000773,Low
46,23,233,122.156845,-110.84315490722656,7.970000000000255,-0.11000000000001364,Low
46,24,232,119.927414,-112.07258605957031,6.199999999999818,-0.5500000000000682,Low
46,25,231,116.28727,-114.71273040771484,-1.2100000000000364,0.36000000000001364,Low
46,26,230,116.08177,-113.91822814941406,-5.529999999999745,0.19000000000005457,Low
46,27,229,115.917404,-113.08259582519531,-0.21000000000003638,0.6599999999999682,Low
46,28,228,117.615204,-110.38479614257812,0.4399999999995998,-1.5,Low
46,29,227,119.5354,-107.464599609375,2.800000000000182,0.9400000000000546,Low
46,30,226,120.01102,-105.98898315429688,-3.0600000000004,0.13999999999998636,Low
46,31,225,123.190125,-101.80987548828125,-7.479999999999563,0.01999999999998181,Low
46,32,224,124.09088,-99.90911865234375,13.699999999999818,-0.9600000000000364,Low
46,33,223,124.70044,-98.299560546875,-7.600000000000364,0.9300000000000637,Low
46,34,222,123.59439,-98.40560913085938,-1.75,-0.04000000000007731,Low
46,35,221,123.451706,-97.54829406738281,-0.3499999999994543,-0.37000000000000455,Low
46,36,220,123.57972,-96.42028045654297,-1.5200000000004366,0.2300000000000182,Low
46,37,219,123.668365,-95.33163452148438,2.5799999999999272,0.3000000000000682,Low
46,38,218,123.80132,-94.19867706298828,5.640000000000327,-0.6400000000001,Low
46,39,217,124.11282,-92.88717651367188,-2.4099999999998545,0.7100000000000364,Low
46,40,216,123.74841,-92.2515869140625,-5.350000000000364,-0.25,Low
46,41,215,122.303734,-92.6962661743164,-4.859999999999673,-0.20000000000004547,Low
46,42,214,124.26799,-89.73200988769531,3.8299999999999272,0.5200000000000955,Low
46,43,213,124.59106,-88.40894317626953,1.1000000000003638,-0.6700000000000728,Low
46,44,212,124.50894,-87.49105834960938,0.4600000000000364,0.19000000000005457,Low
46,45,211,124.07322,-86.9267807006836,4.449999999999818,-0.07000000000005002,Low
46,46,210,123.5531,-86.4468994140625,-1.6700000000000728,0.2799999999999727,Low
46,47,209,123.64543,-85.35456848144531,-0.06999999999970896,-0.2099999999999227,Low
46,48,208,123.602394,-84.3976058959961,0.2999999999992724,-0.37999999999999545,Low
46,49,207,123.92803,-83.07196807861328,1.410000000000764,0.4700000000000273,Low
46,50,206,124.846756,-81.15324401855469,0.21999999999934516,-0.3100000000000591,Low
46,51,205,122.55519,-82.44480895996094,-3.0299999999997453,0.6399999999999864,Low
46,52,204,122.76033,-81.23966979980469,1.3699999999998909,-0.5399999999999636,Low
46,53,203,121.700676,-81.29932403564453,-3.9200000000000728,-0.4900000000000091,Low
46,54,202,121.47407,-80.52593231201172,9.36999999999989,0.2999999999999545,Low
46,55,201,120.98245,-80.01754760742188,-6.759999999999309,-0.2099999999999227,Low
46,56,200,120.2155,-79.78450012207031,1.449999999999818,0.2699999999999818,Low
46,57,199,120.47325,-78.52674865722656,3.0299999999997453,-0.4600000000000364,Low
46,58,198,121.13834,-76.86165618896484,-7.609999999999673,0.4800000000000182,Low
46,59,197,122.088425,-74.91157531738281,5.6899999999996,0.38999999999998636,Low
46,60,196,122.1079,-73.89209747314453,0.569999999999709,0.009999999999990905,Low
46,61,195,120.45457,-74.5454330444336,0.7200000000002547,-0.21000000000003638,Low
46,62,194,121.440346,-72.55965423583984,6.109999999999673,0.4900000000000091,Low
46,63,193,121.952484,-71.04751586914062,-7.75,-0.8099999999999454,Low
46,64,192,123.13691,-68.86309051513672,-4.779999999999745,0.2799999999999727,Low
46,65,191,122.70959,-68.29041290283203,4.520000000000437,0.38999999999998636,Low
46,66,190,123.175674,-66.82432556152344,1.6499999999996362,-0.35000000000002274,Low
46,67,189,122.06869,-66.93131256103516,-3.3299999999999272,0.10000000000002274,Low
46,68,188,120.57882,-67.42118072509766,4.6899999999996,-0.10000000000002274,Low
46,69,187,119.82637,-67.17362976074219,-0.4599999999991269,-0.17999999999994998,Low
46,70,186,122.268425,-63.73157501220703,-3.8900000000003274,0.14999999999997726,Low
46,71,185,122.901375,-62.09862518310547,2.75,0.19000000000005457,Low
46,72,184,119.530106,-64.46989440917969,-6.800000000000182,-0.07000000000005002,Low
46,73,183,117.37049,-65.62950897216797,8.460000000000036,0.5199999999999818,Low
46,74,182,114.72102,-67.27897644042969,-2.1599999999998545,-0.8700000000000045,Low
46,75,181,118.21619,-62.7838134765625,-1.9899999999997817,0.5400000000000773,Low
46,76,180,116.37821,-63.621788024902344,1.6599999999998545,-0.19000000000005457,Low
46,77,179,117.65959,-61.34040832519531,-1.050000000000182,0.10000000000002274,Low
46,78,178,119.4586,-58.54139709472656,3.300000000000182,0.09000000000003183,Low
46,79,177,119.96977,-57.03022766113281,-1.2700000000004366,0.2199999999999136,Low
46,80,176,119.85469,-56.14530944824219,-3.7299999999995634,-0.2799999999999727,Low
46,81,175,120.02181,-54.978187561035156,-5.029999999999745,0.17000000000007276,Low
46,82,174,118.852104,-55.14789581298828,8.55999999999949,-0.6000000000000227,Low
46,83,173,122.235886,-50.76411437988281,-4.960000000000036,0.9599999999999227,Low
46,84,172,122.68466,-49.315338134765625,8.44000000000051,-0.25,Low
46,85,171,120.50084,-50.49916076660156,-2.130000000000109,-0.35999999999989996,Low
46,86,170,119.67243,-50.32756805419922,-4.400000000000546,-0.19000000000005457,Low
46,87,169,118.79987,-50.20012664794922,2.8900000000003274,0.08000000000004093,Low
46,88,168,121.61553,-46.38446807861328,-1.1499999999996362,0.07999999999992724,Low
46,89,167,121.615074,-45.384925842285156,1.8599999999996726,-0.2299999999999045,Low
46,90,166,122.269806,-43.730194091796875,-5.050000000000182,0.31999999999993634,Low
46,91,165,119.83282,-45.16718292236328,-1.199999999999818,-0.05999999999994543,Low
46,92,164,121.23006,-42.76994323730469,2.5799999999999272,-0.030000000000086402,Low
46,93,163,119.95332,-43.04667663574219,1.050000000000182,-0.39999999999997726,Low
46,94,162,119.30282,-42.697181701660156,-0.8000000000001819,-0.13999999999998636,Low
46,95,161,118.395164,-42.604835510253906,0.5100000000002183,0.32000000000005,Low
46,96,160,119.603,-40.397003173828125,0.3400000000001455,0.39999999999997726,Low
46,97,159,119.35669,-39.643310546875,0.26999999999952706,-0.10000000000002274,Low
46,98,158,119.91686,-38.08313751220703,0.2600000000002183,0.20000000000004547,Low
46,99,157,116.87112,-40.128883361816406,-0.3900000000003274,-0.3300000000000409,Low
46,100,156,115.52062,-40.47937774658203,4.390000000000327,-0.029999999999972715,Low
46,101,155,118.545784,-36.45421600341797,-7.069999999999709,0.15999999999996817,Low
46,102,154,120.03969,-33.96031188964844,1.069999999999709,-0.11000000000001364,Low
46,103,153,121.00288,-31.99712371826172,-2.680000000000291,0.16999999999995907,Low
46,104,152,122.38333,-29.616668701171875,4.710000000000036,0.020000000000095497,Low
46,105,151,121.37306,-29.626937866210938,1.1500000000005457,-0.2700000000000955,Low
46,106,150,120.29645,-29.70355224609375,-2.360000000000582,0.5,Low
46,107,149,121.16935,-27.830650329589844,-0.3099999999994907,-0.4699999999999136,Low
46,108,148,118.32547,-29.674530029296875,5.469999999999345,0.2099999999999227,Low
46,109,147,116.43605,-30.563949584960938,-1.3800000000001091,-0.12999999999999545,Low
46,110,146,117.32135,-28.67864990234375,-2.6899999999996,-0.13999999999998636,Low
46,111,145,116.278336,-28.721664428710938,2.2899999999999636,-0.16999999999995907,Low
46,112,144,115.236885,-28.76311492919922,-2.399999999999636,0.25,Low
46,113,143,111.318954,-31.681045532226562,-1.5200000000004366,0.7599999999999909,Low
46,114,142,109.97524,-32.024757385253906,3.3100000000004,-0.4600000000000364,Low
46,115,141,111.99603,-29.00396728515625,-5.780000000000655,-0.35000000000002274,Low
46,116,140,109.17084,-30.82916259765625,5.990000000000691,0.06000000000005912,Low
46,117,139,107.84797,-31.15203094482422,-4.860000000000582,-0.5099999999999909,Low
46,118,138,110.23023,-27.76976776123047,6.300000000000182,1.2100000000000364,Low
46,119,137,107.88029,-29.119712829589844,-5.729999999999563,-0.4600000000000364,Low
46,120,136,110.13312,-25.86688232421875,3.149999999999636,-0.13999999999998636,Low
46,121,135,110.15626,-24.84374237060547,-0.8000000000001819,0.8399999999999181,Low
46,122,134,113.405594,-20.594406127929688,-1.9399999999995998,-0.7399999999998954,Low
46,123,133,110.34248,-22.657516479492188,-2.449999999999818,-0.08000000000004093,Low
46,124,132,114.652214,-17.34778594970703,2.9199999999991633,0.10000000000002274,Low
46,125,131,111.63542,-19.364578247070312,-1.0999999999994543,-0.2699999999999818,Low
46,126,130,110.84557,-19.15442657470703,4.109999999999673,0.39999999999997726,Low
46,127,129,110.03609,-18.963912963867188,-3.630000000000109,0.10000000000002274,Low
46,128,128,115.68118,-12.318817138671875,-0.8599999999996726,-0.5,Low
46,129,127,114.3313,-12.668701171875,5.100000000000364,-0.010000000000104592,Low
46,130,126,110.13949,-15.860511779785156,-6.030000000000655,0.06000000000005912,Low
46,131,125,114.27257,-10.727432250976562,5.630000000000109,0.5299999999999727,Low
46,132,124,113.87926,-10.120742797851562,-8.769999999999527,-0.2899999999999636,Low
46,133,123,110.66559,-12.33441162109375,7.889999999999418,-0.03999999999996362,Low
46,134,122,108.98148,-13.018516540527344,-3.6599999999998545,0.15999999999996817,Low
46,135,121,107.176476,-13.823524475097656,7.760000000000218,-0.01999999999998181,Low
46,136,120,110.644264,-9.355735778808594,-7.9099999999998545,0.2799999999999727,Low
46,137,119,109.712555,-9.287445068359375,-1.5799999999999272,-0.38999999999998636,Low
46,138,118,105.54238,-12.457618713378906,8.069999999999709,-0.13999999999998636,Low
46,139,117,109.1195,-7.880500793457031,-1.4399999999995998,0.01999999999998181,Low
46,140,116,110.04597,-5.954032897949219,-4.630000000000109,0.2599999999999909,Low
46,141,115,110.95302,-4.0469818115234375,-0.4400000000005093,-0.16999999999995907,Low
46,142,114,114.27251,0.2725067138671875,3.5900000000001455,0.2599999999999909,Low
46,143,113,115.60057,2.6005706787109375,-2.619999999999891,-0.16000000000008185,Low
46,144,112,118.295906,6.295906066894531,2.2600000000002183,-0.029999999999972715,Low
46,145,111,113.96974,2.9697418212890625,-2.9200000000000728,0.01999999999998181,Low
46,146,110,113.74978,3.7497787475585938,-5.119999999999891,0.4600000000000364,Low
46,147,109,111.93419,2.9341888427734375,9.590000000000146,-0.2400000000000091,Low
46,148,108,108.2127,0.21269989013671875,2.339999999999236,-0.6499999999999773,Low
46,149,107,112.475235,5.4752349853515625,-6.559999999999491,0.2899999999999636,Low
46,150,106,111.90588,5.9058837890625,3.369999999999891,0.2599999999999909,Low
46,151,105,112.49885,7.498847961425781,-0.9800000000004729,0.06000000000005912,Low
46,152,104,112.958565,8.958564758300781,-4.719999999999345,-0.39999999999997726,Low
46,153,103,111.98895,8.98895263671875,4.199999999999818,0.18999999999994088,Low
46,154,102,113.86683,11.866828918457031,-1.699999999999818,0.06000000000005912,Low
46,155,101,114.88375,13.883750915527344,-3.9200000000000728,0.37999999999999545,Low
46,156,100,114.30057,14.300567626953125,4.289999999999964,-0.6700000000000728,Low
46,157,99,116.85645,17.85645294189453,-5.829999999999927,0.2599999999999909,Low
46,158,98,125.28121,27.281211853027344,5.789999999999964,0.2400000000000091,Low
46,159,97,122.497086,25.497085571289062,-1.7200000000002547,-0.1999999999999318,Low
46,160,96,119.71036,23.710357666015625,-1.430000000000291,-0.2300000000000182,Low
46,161,95,117.76065,22.760650634765625,1.0,-0.009999999999990905,Low
46,162,94,119.27697,25.27696990966797,2.9400000000005093,0.13999999999998636,Low
46,163,93,118.08376,25.083763122558594,-0.31999999999970896,0.18999999999994088,Low
46,164,92,117.79764,25.797637939453125,2.069999999999709,-0.029999999999972715,Low
46,165,91,116.06782,25.06781768798828,3.519999999999527,-0.7200000000000273,Low
46,166,90,110.71374,20.71373748779297,-0.7399999999997817,0.4900000000000091,Low
46,167,89,115.39082,26.390823364257812,-6.529999999999745,0.5,Low
46,168,88,117.16573,29.165733337402344,-3.4600000000000364,-0.4199999999999591,Low
46,169,87,109.177795,22.17779541015625,5.069999999999709,0.2300000000000182,Low
46,170,86,110.34884,24.348838806152344,-0.8499999999994543,-0.6200000000000045,Low
46,171,85,110.46048,25.460479736328125,0.7799999999997453,0.11000000000001364,Low
46,172,84,111.16345,27.1634521484375,-3.9400000000005093,0.7199999999999136,Low
46,173,83,109.78357,26.7835693359375,7.0,-0.34999999999990905,Low
46,174,82,108.304726,26.304725646972656,1.2800000000006548,0.2199999999999136,Low
46,175,81,109.795105,28.79510498046875,-2.199999999999818,-0.2199999999999136,Low
46,176,80,105.65209,25.65209197998047,-6.780000000000655,0.4799999999999045,Low
46,177,79,101.29702,22.297019958496094,9.150000000000546,-0.40999999999996817,Low
46,178,78,106.90766,28.90766143798828,-7.410000000000764,-0.14999999999997726,Low
46,179,77,101.209496,24.209495544433594,0.19000000000050932,0.5399999999999636,Low
46,180,76,105.56249,29.56249237060547,0.7799999999997453,-0.2300000000000182,Low
46,181,75,99.63813,24.63813018798828,-5.880000000000109,-0.17999999999994998,Low
46,182,74,99.80484,25.804840087890625,2.9600000000000364,0.2999999999999545,Low
46,183,73,95.352646,22.352645874023438,4.730000000000473,-0.08999999999991815,Low
46,184,72,101.06789,29.067886352539062,-7.960000000000036,-0.2800000000000864,Low
46,185,71,103.17068,32.170677185058594,6.739999999999782,0.7100000000000364,Low
46,186,70,101.190384,31.190383911132812,-4.170000000000073,-0.67999999999995,Low
46,187,69,104.90781,35.907806396484375,3.0799999999999272,0.1999999999999318,Low
46,188,68,107.19993,39.199928283691406,2.7100000000000364,0.009999999999990905,Low
46,189,67,109.83864,42.83863830566406,0.09000000000014552,0.08000000000004093,Low
46,190,66,103.6487,37.64869689941406,-5.5900000000001455,0.12000000000000455,Low
46,191,65,103.39226,38.39225769042969,3.4600000000000364,-0.40999999999996817,Low
46,192,64,107.06148,43.06147766113281,3.75,-0.13999999999998636,Low
46,193,63,105.527176,42.52717590332031,-5.1899999999996,0.2799999999999727,Low
46,194,62,89.709656,27.70965576171875,0.009999999999308784,0.2999999999999545,Low
46,195,61,87.121864,26.121864318847656,6.350000000000364,0.05000000000006821,Low
46,196,60,86.74654,26.746536254882812,-7.519999999999527,-0.32000000000005,Low
46,197,59,86.32386,27.32386016845703,-3.9000000000005457,-0.10000000000002274,Low
46,198,58,83.10787,25.107872009277344,2.1900000000005093,0.7599999999999909,Low
46,199,57,77.737854,20.73785400390625,2.2100000000000364,-0.9199999999999591,Medium
46,200,56,85.51176,29.511756896972656,2.259999999999309,0.4700000000000273,Low
46,201,55,83.35967,28.35967254638672,-6.619999999999891,-0.08000000000004093,Low
46,202,54,78.35504,24.35504150390625,-0.8800000000001091,0.13999999999998636,Medium
46,203,53,91.98399,38.98399353027344,4.680000000000291,0.34000000000003183,Low
46,204,52,91.61825,39.618247985839844,-0.23000000000047294,-0.35000000000002274,Low
46,205,51,89.59675,38.59674835205078,-0.8499999999994543,-0.7200000000000273,Low
46,206,50,95.59222,45.59221649169922,-0.3100000000004002,0.5,Low
46,207,49,85.21504,36.21504211425781,-0.6399999999994179,0.2900000000000773,Low
46,208,48,103.246506,55.24650573730469,4.109999999999673,-0.5800000000000409,Low
46,209,47,93.269554,46.269554138183594,1.7799999999997453,1.3899999999999864,Low
46,210,46,92.828835,46.828834533691406,-3.009999999999309,-0.6499999999999773,Low
46,211,45,93.060356,48.06035614013672,4.779999999999745,-0.5499999999999545,Low
46,212,44,75.59498,31.59497833251953,-2.819999999999709,0.37999999999999545,Medium
46,213,43,85.05065,42.05065155029297,-3.910000000000764,0.10999999999989996,Low
46,214,42,82.40436,40.40435791015625,7.8100000000004,0.06000000000005912,Low
46,215,41,66.427124,25.4271240234375,-4.980000000000473,-0.19000000000005457,Medium
46,216,40,62.739563,22.73956298828125,-2.269999999999527,0.06000000000005912,Medium
46,217,39,50.794697,11.794696807861328,1.25,-0.11000000000001364,Medium
46,218,38,48.51345,10.513450622558594,4.970000000000255,-0.15999999999996817,Medium
46,219,37,56.049923,19.049922943115234,-12.770000000000437,0.6000000000000227,Medium
46,220,36,43.65516,7.655158996582031,3.7600000000002183,0.01999999999998181,Medium
46,221,35,40.335865,5.335865020751953,-3.9700000000002547,-0.36000000000001364,Medium
46,222,34,39.26837,5.26837158203125,8.0,-0.10000000000002274,Medium
46,223,33,37.52431,4.524311065673828,-7.949999999999818,0.10000000000002274,Medium
46,224,32,44.309933,12.309932708740234,1.7600000000002183,-0.009999999999990905,Medium
46,225,31,36.352455,5.352455139160156,1.4799999999995634,0.4800000000000182,Medium
46,226,30,41.456036,11.456035614013672,2.8200000000006185,-0.6400000000001,Medium
46,227,29,42.44043,13.4404296875,0.7799999999997453,0.16000000000008185,Medium
46,228,28,44.29963,16.29962921142578,-0.27000000000043656,-0.22000000000002728,Medium
46,229,27,41.983025,14.983024597167969,0.5200000000004366,0.6000000000000227,Medium
46,230,26,38.747646,12.74764633178711,-2.5799999999999272,0.37000000000000455,Medium
46,231,25,38.23245,13.23244857788086,-6.170000000000073,-0.6100000000000136,Medium
46,232,24,36.58937,12.589370727539062,5.359999999999673,-0.2300000000000182,Medium
46,233,23,32.71516,9.715160369873047,-6.819999999999709,0.16999999999995907,Medium
46,234,22,27.48161,5.481609344482422,4.630000000000109,-0.2400000000000091,High
46,235,21,24.65808,3.658079147338867,6.239999999999782,0.6600000000000819,High
46,236,20,27.663317,7.66331672668457,-9.319999999999709,-0.35000000000002274,High
46,237,19,24.414793,5.414793014526367,4.519999999999527,-0.03999999999996362,High
46,238,18,23.576387,5.576387405395508,0.38000000000010914,0.12000000000000455,High
46,239,17,20.122734,3.1227340698242188,-3.7799999999997453,0.4799999999999045,High
46,240,16,20.469952,4.469951629638672,0.8800000000001091,-0.67999999999995,High
46,241,15,21.179676,6.179676055908203,-0.16000000000076398,-0.2799999999999727,High
46,242,14,19.79138,5.791379928588867,-3.2299999999995634,0.25,High
46,243,13,17.08097,4.080970764160156,1.3400000000001455,0.4800000000000182,High
46,244,12,14.81318,2.8131799697875977,3.0799999999999272,0.17999999999994998,High
46,245,11,16.582823,5.582822799682617,-2.2799999999997453,-0.5,High
46,246,10,14.976595,4.976594924926758,-1.2700000000004366,0.4600000000000364,High
46,247,9,12.996338,3.996337890625,-0.819999999999709,-0.38999999999998636,High
46,248,8,11.673942,3.6739416122436523,6.970000000000255,0.5099999999999909,High
46,249,7,11.312451,4.312451362609863,-6.230000000000473,-0.4500000000000455,High
46,250,6,10.010327,4.010327339172363,1.0799999999999272,0.44000000000005457,High
46,251,5,9.190478,4.190478324890137,-3.380000000000109,0.009999999999990905,High
46,252,4,9.986914,5.986913681030273,3.0399999999999636,0.029999999999972715,High
46,253,3,6.5444007,3.544400691986084,0.680000000000291,0.5299999999999727,High
46,254,2,5.323372,3.3233718872070312,-4.399999999999636,-0.37000000000000455,High
46,255,1,4.6571875,3.6571874618530273,-2.100000000000364,-0.14999999999997726,High
46,256,0,3.5908976,3.590897560119629,-2.699999999999818,0.6900000000000546,High
54,1,256,126.390594,-129.60940551757812,0.0,0.0,Low
54,2,255,114.15714,-140.84285736083984,6.319999999999709,-0.12000000000000455,Low
54,3,254,117.435074,-136.56492614746094,0.0500000000001819,-0.37999999999999545,Low
54,4,253,119.230385,-133.76961517333984,-3.5,0.2800000000000864,Low
54,5,252,121.94585,-130.0541534423828,2.9899999999997817,-0.7300000000000182,Low
54,6,251,122.45292,-128.54708099365234,-2.5499999999992724,0.18999999999994088,Low
54,7,250,122.112686,-127.88731384277344,-0.9700000000002547,0.4500000000000455,Low
54,8,249,123.56505,-125.43495178222656,-0.819999999999709,-0.22000000000002728,Low
54,9,248,123.241234,-124.7587661743164,2.5399999999999636,0.08000000000004093,Low
54,10,247,122.87553,-124.12447357177734,4.539999999999964,-0.2599999999999909,Low
54,11,246,123.52035,-122.47965240478516,-4.9099999999998545,0.2799999999999727,Low
54,12,245,123.2459,-121.75409698486328,3.6699999999991633,0.15999999999996817,Low
54,13,244,122.404594,-121.59540557861328,-2.0499999999992724,0.25,Low
54,14,243,122.89588,-120.10411834716797,1.2999999999992724,-0.4399999999999409,Low
54,15,242,122.85443,-119.14556884765625,-6.809999999999491,-0.030000000000086402,Low
54,16,241,123.70141,-117.29859161376953,1.6700000000000728,0.2900000000000773,Low
54,17,240,124.29841,-115.70159149169922,7.050000000000182,-0.07000000000005002,Low
54,18,239,123.9163,-115.08370208740234,-4.720000000000255,-0.40999999999996817,Low
54,19,238,124.120026,-113.87997436523438,2.649999999999636,0.08000000000004093,Low
54,20,237,123.97303,-113.02696990966797,-2.9899999999997817,0.6200000000000045,Low
54,21,236,123.925804,-112.0741958618164,2.899999999999636,-0.7100000000000364,Low
54,22,235,123.386086,-111.6139144897461,-7.399999999999636,0.12999999999999545,Low
54,23,234,124.456474,-109.54352569580078,5.5900000000001455,-0.09000000000003183,Low
54,24,233,124.07901,-108.92098999023438,-1.6599999999998545,0.7799999999999727,Low
54,25,232,124.334496,-107.6655044555664,5.619999999999891,-0.4899999999998954,Low
54,26,231,124.80319,-106.19680786132812,-8.860000000000582,0.01999999999998181,Low
54,27,230,122.332504,-107.66749572753906,6.710000000000036,-0.12000000000000455,Low
54,28,229,121.27758,-107.72241973876953,-3.4600000000000364,-0.25,Low
54,29,228,117.56348,-110.4365234375,3.9200000000000728,0.31999999999993634,Low
54,30,227,118.246544,-108.75345611572266,-2.089999999999236,-0.07999999999992724,Low
54,31,226,117.673386,-108.32661437988281,-3.130000000000109,-0.030000000000086402,Low
54,32,225,120.737816,-104.2621841430664,-2.2600000000002183,0.5900000000000318,Low
54,33,224,121.07012,-102.92987823486328,6.989999999999782,-0.35000000000002274,Low
54,34,223,119.795265,-103.2047348022461,-1.550000000000182,-0.33999999999991815,Low
54,35,222,122.06912,-99.93087768554688,1.1300000000001091,0.05999999999994543,Low
54,36,221,120.61432,-100.38568115234375,1.4000000000005457,-0.25,Low
54,37,220,122.875885,-97.12411499023438,-0.48000000000047294,0.13999999999998636,Low
54,38,219,122.27892,-96.72107696533203,-4.149999999999636,0.37999999999999545,Low
54,39,218,122.63158,-95.36842346191406,12.13000000000011,0.05000000000006821,Low
54,40,217,123.32435,-93.67565155029297,-13.900000000000546,-0.2400000000000091,Low
54,41,216,121.229515,-94.7704849243164,6.8400000000001455,0.2300000000000182,Low
54,42,215,121.87794,-93.12206268310547,-2.7100000000000364,-0.12999999999999545,Low
54,43,214,122.26066,-91.73934173583984,2.550000000000182,-0.13000000000010914,Low
54,44,213,122.24285,-90.75714874267578,1.3500000000003638,-0.14999999999997726,Low
54,45,212,121.41914,-90.58085632324219,-7.5700000000006185,0.39999999999997726,Low
54,46,211,121.53355,-89.4664535522461,0.48000000000047294,-0.2099999999999227,Low
54,47,210,120.77491,-89.22509002685547,-1.230000000000473,0.2999999999999545,Low
54,48,209,120.53314,-88.46685791015625,-1.5100000000002183,-0.009999999999990905,Low
54,49,208,121.73465,-86.26535034179688,4.720000000000255,0.029999999999972715,Low
54,50,207,122.272644,-84.72735595703125,4.489999999999782,-0.38999999999998636,Low
54,51,206,123.95899,-82.04100799560547,-1.1599999999998545,0.2400000000000091,Low
54,52,205,123.171715,-81.82828521728516,-0.15999999999985448,-0.2899999999999636,Low
54,53,204,122.27375,-81.72624969482422,-6.609999999999673,0.35000000000002274,Low
54,54,203,121.88661,-81.11338806152344,10.769999999999527,-0.2300000000000182,Low
54,55,202,121.851776,-80.14822387695312,-6.729999999999563,-0.5299999999999727,Low
54,56,201,122.05975,-78.94024658203125,-3.5799999999999272,0.9199999999999591,Low
54,57,200,123.466286,-76.5337142944336,-4.289999999999964,-0.10000000000002274,Low
54,58,199,122.48434,-76.51566314697266,7.6799999999993815,-0.2999999999999545,Low
54,59,198,122.592,-75.40799713134766,2.5600000000004,0.10000000000002274,Low
54,60,197,121.479675,-75.52032470703125,-3.0799999999999272,-0.40000000000009095,Low
54,61,196,123.64632,-72.35368347167969,6.579999999999927,0.32000000000005,Low
54,62,195,116.42438,-78.57562255859375,-0.8299999999999272,-0.15999999999996817,Low
54,63,194,120.055534,-73.94446563720703,-2.119999999999891,0.35999999999989996,Low
54,64,193,121.79522,-71.20478057861328,-1.1000000000003638,-0.14999999999997726,Low
54,65,192,123.238594,-68.76140594482422,1.0399999999999636,-0.2400000000000091,Low
54,66,191,121.91011,-69.08988952636719,-6.199999999999818,0.6399999999999864,Low
54,67,190,123.56464,-66.43536376953125,-0.10999999999967258,-0.42999999999995,Low
54,68,189,123.40394,-65.59606170654297,3.509999999999309,-0.029999999999972715,Low
54,69,188,123.93772,-64.0622787475586,-4.5900000000001455,-0.34000000000003183,Low
54,70,187,122.46745,-64.53254699707031,-0.9099999999998545,0.6100000000000136,Low
54,71,186,122.623566,-63.376434326171875,4.710000000000036,-0.3100000000000591,Low
54,72,185,118.13434,-66.86566162109375,-3.719999999999345,0.19000000000005457,Low
54,73,184,118.411736,-65.58826446533203,5.059999999999491,0.15999999999996817,Low
54,74,183,115.73888,-67.26112365722656,-11.029999999999745,-0.2799999999999727,Low
54,75,182,115.66643,-66.33357238769531,13.710000000000036,-0.40999999999996817,Low
54,76,181,115.556366,-65.44363403320312,1.2299999999995634,0.5399999999999636,Low
54,77,180,117.05307,-62.946929931640625,-7.670000000000073,-0.39999999999997726,Low
54,78,179,117.41105,-61.588951110839844,3.800000000000182,0.2300000000000182,Low
54,79,178,115.22017,-62.77983093261719,-2.9200000000000728,0.08999999999991815,Low
54,80,177,115.101746,-61.89825439453125,2.3299999999999272,0.43000000000006366,Low
54,81,176,122.02114,-53.978858947753906,0.7600000000002183,-0.6599999999999682,Low
54,82,175,121.19022,-53.809776306152344,-5.819999999999709,-0.07000000000005002,Low
54,83,174,118.68684,-55.31316375732422,8.80999999999949,0.12999999999999545,Low
54,84,173,121.86053,-51.13947296142578,-2.2799999999997453,0.6100000000000136,Low
54,85,172,121.38746,-50.61254119873047,-1.1300000000001091,0.029999999999972715,Low
54,86,171,123.96494,-47.035057067871094,7.029999999999745,-0.9900000000000091,Low
54,87,170,123.87312,-46.12687683105469,-3.6899999999996,0.04000000000007731,Low
54,88,169,123.69765,-45.30235290527344,-1.9799999999995634,0.4599999999999227,Low
54,89,168,123.17097,-44.82903289794922,-0.7900000000008731,-0.5199999999999818,Low
54,90,167,124.46238,-42.537620544433594,2.130000000000109,0.5399999999999636,Low
54,91,166,121.65151,-44.348487854003906,1.180000000000291,-0.2099999999999227,Low
54,92,165,123.297226,-41.70277404785156,-5.0600000000004,-0.19000000000005457,Low
54,93,164,123.09217,-40.90782928466797,11.170000000000073,0.4800000000000182,Low
54,94,163,122.6947,-40.3052978515625,-6.319999999999709,-0.12000000000000455,Low
54,95,162,124.59663,-37.40337371826172,-5.0,0.43000000000006366,Low
54,96,161,122.61943,-38.38056945800781,1.75,-0.2700000000000955,Low
54,97,160,123.134285,-36.86571502685547,2.7799999999997453,0.009999999999990905,Low
54,98,159,121.57811,-37.42189025878906,-0.4099999999998545,0.2400000000000091,Low
54,99,158,122.26407,-35.735931396484375,-3.130000000000109,-0.07999999999992724,Low
54,100,157,120.75172,-36.24828338623047,5.220000000000255,0.06999999999993634,Low
54,101,156,121.82079,-34.17920684814453,3.300000000000182,-0.16999999999995907,Low
54,102,155,121.33479,-33.66520690917969,-3.130000000000109,0.009999999999990905,Low
54,103,154,121.461975,-32.53802490234375,2.4700000000002547,-0.4399999999999409,Low
54,104,153,113.46108,-39.538917541503906,-5.990000000000691,-0.19000000000005457,Low
54,105,152,113.40982,-38.590179443359375,-1.3999999999996362,0.6299999999999955,Low
54,106,151,112.02603,-38.973968505859375,4.399999999999636,0.07000000000005002,Low
54,107,150,112.30003,-37.69996643066406,-0.9499999999998181,-0.37999999999999545,Low
54,108,149,111.87755,-37.12245178222656,0.32000000000061846,-0.11000000000001364,Low
54,109,148,112.457565,-35.54243469238281,-6.280000000000655,0.25,Low
54,110,147,114.141624,-32.858375549316406,7.650000000000546,-0.030000000000086402,Low
54,111,146,113.040726,-32.95927429199219,-4.650000000000546,0.35000000000002274,Low
54,112,145,112.76504,-32.234962463378906,3.980000000000473,-0.2599999999999909,Low
54,113,144,111.20305,-32.79695129394531,-2.4000000000005457,-0.4600000000000364,Low
54,114,143,112.02517,-30.974830627441406,5.8400000000001455,0.2600000000001046,Low
54,115,142,113.701935,-28.298065185546875,-3.880000000000109,0.4599999999999227,Low
54,116,141,116.186905,-24.813095092773438,0.4600000000000364,-0.05999999999994543,Low
54,117,140,120.11341,-19.88658905029297,0.24000000000069122,-0.3300000000000409,Low
54,118,139,119.488846,-19.511154174804688,1.769999999999527,0.06000000000005912,Low
54,119,138,118.38925,-19.610748291015625,-2.630000000000109,-0.10000000000002274,Low
54,120,137,117.96771,-19.03228759765625,0.47000000000025466,0.2899999999999636,Low
54,121,136,115.34932,-20.650680541992188,-3.230000000000473,-0.049999999999954525,Low
54,122,135,118.16428,-16.835716247558594,0.7600000000002183,-0.04000000000007731,Low
54,123,134,118.55936,-15.440643310546875,-0.9799999999995634,-0.05999999999994543,Low
54,124,133,121.063194,-11.936805725097656,6.670000000000073,-0.07000000000005002,Low
54,125,132,120.99086,-11.009140014648438,-1.0300000000006548,0.16000000000008185,Low
54,126,131,121.02918,-9.970817565917969,-1.5900000000001455,-0.030000000000086402,Low
54,127,130,117.80787,-12.192131042480469,3.5900000000001455,0.030000000000086402,Low
54,128,129,119.29629,-9.703712463378906,-2.0999999999994543,-0.04000000000007731,Low
54,129,128,118.27239,-9.727607727050781,-2.4200000000000728,0.13999999999998636,Low
54,130,127,118.943016,-8.056983947753906,-0.4499999999998181,0.3100000000000591,Low
54,131,126,118.68033,-7.319671630859375,5.710000000000036,-0.39999999999997726,Low
54,132,125,119.610596,-5.389404296875,-5.700000000000728,-0.2800000000000864,Low
54,133,124,111.88107,-12.118927001953125,3.8400000000001455,0.08000000000004093,Low
54,134,123,112.72866,-10.271339416503906,2.100000000000364,0.3300000000000409,Low
54,135,122,112.99057,-9.009429931640625,-1.5100000000002183,0.16999999999995907,Low
54,136,121,111.97067,-9.029327392578125,-3.4700000000002547,-0.37999999999999545,Low
54,137,120,108.57916,-11.42083740234375,11.780000000000655,0.3300000000000409,Low
54,138,119,104.50801,-14.491989135742188,-7.860000000000582,-0.35000000000002274,Low
54,139,118,108.990326,-9.009674072265625,2.5100000000002183,0.11000000000001364,Low
54,140,117,105.67907,-11.320930480957031,-2.5299999999997453,-0.18000000000006366,Low
54,141,116,106.82487,-9.175132751464844,-1.2700000000004366,-0.049999999999954525,Low
54,142,115,111.4484,-3.5515975952148438,1.7399999999997817,0.5399999999999636,Low
54,143,114,106.710464,-7.2895355224609375,-4.229999999999563,-0.6699999999999591,Low
54,144,113,103.35659,-9.643409729003906,-1.480000000000473,0.7300000000000182,Low
54,145,112,102.213295,-9.786705017089844,11.8700000000008,-0.20000000000004547,Low
54,146,111,105.70314,-5.2968597412109375,-8.140000000000327,-0.35000000000002274,Low
54,147,110,101.397766,-8.60223388671875,0.6300000000001091,0.17000000000007276,Low
54,148,109,103.144455,-5.8555450439453125,-3.2700000000004366,-0.7000000000000455,Low
54,149,108,102.576065,-5.4239349365234375,3.800000000000182,0.75,Low
54,150,107,106.71016,-0.2898406982421875,1.5,-0.2400000000000091,Low
54,151,106,100.08304,-5.916961669921875,-6.569999999999709,-0.12000000000000455,Low
54,152,105,95.97225,-9.027748107910156,11.420000000000073,-0.05999999999994543,Low
54,153,104,98.19282,-5.807182312011719,-3.9200000000000728,0.2999999999999545,Low
54,154,103,104.12063,1.1206283569335938,-5.970000000000255,-0.1999999999999318,Low
54,155,102,103.38305,1.3830490112304688,2.7799999999997453,0.6099999999999,Low
54,156,101,108.661385,7.661384582519531,0.7600000000002183,-0.35999999999989996,Low
54,157,100,105.99058,5.990577697753906,3.0299999999997453,0.5799999999999272,Low
54,158,99,101.223045,2.2230453491210938,4.8700000000008,-0.6200000000000045,Low
54,159,98,102.59127,4.591270446777344,-4.040000000000873,0.5400000000000773,Low
54,160,97,95.00373,-1.9962692260742188,4.690000000000509,-0.6600000000000819,Low
54,161,96,83.24064,-12.759361267089844,-10.109999999999673,0.6000000000000227,Low
54,162,95,79.77815,-15.221847534179688,5.039999999999964,-0.029999999999972715,Medium
54,163,94,80.40124,-13.598762512207031,0.9299999999993815,-0.4600000000000364,Low
54,164,93,74.82893,-18.171066284179688,-1.6799999999993815,0.17000000000007276,Medium
54,165,92,82.10796,-9.892036437988281,-2.3900000000003274,-0.15000000000009095,Low
54,166,91,78.53252,-12.467483520507812,-0.9600000000000364,0.36000000000001364,Medium
54,167,90,75.91032,-14.089683532714844,1.6300000000001091,0.10000000000002274,Medium
54,168,89,76.60683,-12.393173217773438,8.359999999999673,-0.12000000000000455,Medium
54,169,88,77.61679,-10.383209228515625,-2.3299999999999272,0.0,Medium
54,170,87,74.99798,-12.002021789550781,-1.199999999999818,-0.42999999999995,Medium
54,171,86,77.05844,-8.941558837890625,-5.109999999999673,0.12000000000000455,Medium
54,172,85,77.41992,-7.580078125,0.5999999999994543,-0.010000000000104592,Medium
54,173,84,71.92351,-12.076492309570312,2.2600000000002183,0.5600000000000591,Medium
54,174,83,69.37007,-13.629928588867188,2.4600000000000364,-0.75,Medium
54,175,82,69.06664,-12.933357238769531,-2.4700000000002547,0.20000000000004547,Medium
54,176,81,68.795815,-12.204185485839844,2.9099999999998545,0.2299999999999045,Medium
54,177,80,66.68825,-13.311752319335938,0.28000000000065484,0.3000000000000682,Medium
54,178,79,70.35493,-8.645072937011719,8.4399999999996,-0.3300000000000409,Medium
54,179,78,72.02601,-5.973991394042969,-9.590000000000146,0.07000000000005002,Medium
54,180,77,67.10383,-9.896171569824219,5.760000000000218,0.2099999999999227,Medium
54,181,76,66.18842,-9.811576843261719,-2.8100000000004,-0.4199999999999591,Medium
54,182,75,65.3838,-9.616203308105469,2.0399999999999636,-0.2999999999999545,Medium
54,183,74,61.333687,-12.666313171386719,-3.019999999999527,0.2799999999999727,Medium
54,184,73,66.24942,-6.750579833984375,0.22000000000025466,0.25,Medium
54,185,72,67.80115,-4.1988525390625,1.8499999999994543,0.39999999999997726,Medium
54,186,71,59.36288,-11.63711929321289,-1.0399999999999636,0.01999999999998181,Medium
54,187,70,58.34851,-11.6514892578125,2.280000000000655,-0.4700000000000273,Medium
54,188,69,61.81989,-7.180110931396484,-1.110000000000582,0.0,Medium
54,189,68,61.717155,-6.282844543457031,4.0,0.38000000000010914,Medium
54,190,67,61.429913,-5.570087432861328,-3.4099999999998545,-0.44000000000005457,Medium
54,191,66,60.115925,-5.884075164794922,1.3100000000004002,-0.07000000000005002,Medium
54,192,65,59.24653,-5.753471374511719,6.259999999999309,0.010000000000104592,Medium
54,193,64,58.240753,-5.759246826171875,-4.960000000000036,0.9799999999999045,Medium
54,194,63,54.008053,-8.991947174072266,2.410000000000764,-0.2599999999999909,Medium
54,195,62,58.314087,-3.6859130859375,-8.0600000000004,-0.5199999999999818,Medium
54,196,61,57.69265,-3.3073501586914062,-3.2700000000004366,0.3300000000000409,Medium
54,197,60,57.265213,-2.7347869873046875,12.420000000000073,0.01999999999998181,Medium
54,198,59,47.798813,-11.201187133789062,1.25,-0.09000000000003183,Medium
54,199,58,46.12893,-11.871070861816406,0.1000000000003638,0.22000000000002728,Medium
54,200,57,47.138508,-9.861492156982422,-4.980000000000473,-0.44000000000005457,Medium
54,201,56,46.128265,-9.871734619140625,3.5800000000008367,0.25,Medium
54,202,55,44.137356,-10.86264419555664,-2.5600000000004,-0.6299999999999955,Medium
54,203,54,45.93726,-8.062740325927734,3.680000000000291,1.009999999999991,Medium
54,204,53,52.960728,-0.039272308349609375,-0.1500000000005457,-0.35999999999989996,Medium
54,205,52,50.08572,-1.9142799377441406,9.199999999999818,-0.7400000000000091,Medium
54,206,51,50.509888,-0.4901123046875,-8.009999999999309,0.06999999999993634,Medium
54,207,50,52.526512,2.5265121459960938,0.17000000000007276,0.38999999999998636,Medium
54,208,49,44.178596,-4.821403503417969,0.32999999999992724,0.2300000000000182,Medium
54,209,48,45.250443,-2.7495574951171875,3.4099999999998545,-0.03999999999996362,Medium
54,210,47,44.165325,-2.834674835205078,0.1999999999998181,-0.15999999999996817,Medium
54,211,46,44.269768,-1.7302322387695312,-7.899999999999636,0.30999999999994543,Medium
54,212,45,46.24175,1.2417488098144531,5.849999999999454,0.18000000000006366,Medium
54,213,44,44.302284,0.30228424072265625,-1.069999999999709,0.12999999999999545,Medium
54,214,43,36.454918,-6.545082092285156,2.319999999999709,-0.2400000000000091,Medium
54,215,42,38.549435,-3.4505653381347656,6.490000000000691,-0.4600000000000364,Medium
54,216,41,36.545467,-4.454532623291016,-3.4700000000002547,-0.2400000000000091,Medium
54,217,40,33.649437,-6.350563049316406,6.130000000000109,1.009999999999991,Medium
54,218,39,34.818768,-4.181232452392578,-8.140000000000327,-0.34000000000003183,Medium
54,219,38,31.32362,-6.676380157470703,5.670000000000073,-0.7199999999999136,Medium
54,220,37,30.54977,-6.450229644775391,2.4099999999998545,0.4199999999999591,Medium
54,221,36,31.54974,-4.450260162353516,1.0799999999999272,0.5900000000000318,Medium
54,222,35,29.369835,-5.630165100097656,-5.260000000000218,-0.2699999999999818,High
54,223,34,32.9527,-1.0472984313964844,3.800000000000182,-0.16000000000008185,Medium
54,224,33,35.024216,2.0242156982421875,-3.4799999999995634,0.12999999999999545,Medium
54,225,32,31.0361,-0.9638996124267578,-2.360000000000582,0.42000000000007276,Medium
54,226,31,31.081707,0.08170700073242188,4.880000000000109,-0.6600000000000819,Medium
54,227,30,30.953955,0.9539546966552734,4.829999999999927,0.5600000000000591,Medium
54,228,29,27.731712,-1.2682876586914062,-3.0399999999999636,-0.4800000000000182,High
54,229,28,28.7263,0.7262992858886719,1.5,-0.08000000000004093,High
54,230,27,27.173267,0.17326736450195312,-3.819999999999709,0.18000000000006366,High
54,231,26,27.121017,1.1210174560546875,14.299999999999272,0.37000000000000455,High
54,232,25,25.23638,0.23637962341308594,-8.609999999999673,-0.4700000000000273,High
54,233,24,23.764252,-0.235748291015625,1.6300000000001091,0.8600000000000136,High
54,234,23,23.046478,0.046478271484375,0.9500000000007276,-0.5800000000000409,High
54,235,22,21.794037,-0.205963134765625,5.729999999999563,0.06000000000005912,High
54,236,21,18.658436,-2.341564178466797,-1.5200000000004366,-0.04000000000007731,High
54,237,20,21.14429,1.1442909240722656,1.890000000001237,-0.16999999999995907,High
54,238,19,17.179647,-1.820352554321289,-0.7100000000009459,1.009999999999991,High
54,239,18,17.53414,-0.46586036682128906,-1.8799999999991996,-0.5699999999999363,High
54,240,17,17.683796,0.6837959289550781,-0.5600000000013097,-0.42000000000007276,High
54,241,16,17.947226,1.947225570678711,1.360000000000582,0.08000000000004093,High
54,242,15,16.279001,1.279001235961914,4.389999999999418,0.21000000000003638,High
54,243,14,17.724808,3.7248077392578125,1.3000000000010914,0.06999999999993634,High
54,244,13,16.667084,3.667083740234375,-0.020000000000436557,0.5,High
54,245,12,15.247403,3.247403144836426,5.920000000000073,-0.7899999999999636,High
54,246,11,12.643971,1.6439714431762695,-3.0799999999999272,0.06999999999993634,High
54,247,10,11.024295,1.0242948532104492,1.6700000000000728,0.4500000000000455,High
54,248,9,10.669367,1.6693668365478516,-1.4799999999995634,-0.2699999999999818,High
54,249,8,9.7179165,1.717916488647461,5.289999999999054,0.31999999999993634,High
54,250,7,7.9068723,0.9068722724914551,-1.7799999999988358,0.13999999999998636,High
54,251,6,5.9728293,-0.027170658111572266,6.959999999999127,-0.25,High
54,252,5,5.564241,0.5642409324645996,-2.680000000000291,-0.34999999999990905,High
54,253,4,5.743459,1.7434592247009277,-0.7899999999990541,-0.030000000000086402,High
54,254,3,6.076013,3.0760130882263184,2.7299999999995634,0.7000000000000455,High
54,255,2,4.3247037,2.3247036933898926,3.3299999999999272,0.38999999999998636,High
54,256,1,4.7758956,3.775895595550537,4.469999999999345,-1.009999999999991,High
54,257,0,3.6208305,3.620830535888672,-0.07999999999992724,0.5399999999999636,High
71,1,207,122.963104,-84.03689575195312,0.0,0.0,Low
71,2,206,115.23418,-90.76582336425781,-1.9799999999995634,0.18000000000006366,Low
71,3,205,123.05101,-81.94898986816406,-1.6000000000003638,-0.32000000000005,Low
71,4,204,125.87469,-78.12531280517578,0.4600000000000364,0.5399999999999636,Low
71,5,203,123.24476,-79.75524139404297,-0.6199999999998909,-1.0399999999999636,Low
71,6,202,122.704765,-79.29523468017578,4.230000000000473,0.57000000000005,Low
71,7,201,124.30049,-76.69950866699219,-3.9700000000002547,-0.8300000000000409,Low
71,8,200,125.7977,-74.20230102539062,3.6899999999996,0.9099999999999682,Low
71,9,199,123.6731,-75.32689666748047,3.5200000000004366,-0.5499999999999545,Low
71,10,198,123.94433,-74.05567169189453,-7.480000000000473,0.8500000000000227,Low
71,11,197,125.49888,-71.5011215209961,3.550000000000182,-0.2400000000000091,Low
71,12,196,124.35175,-71.64824676513672,3.5299999999997453,-0.3100000000000591,Low
71,13,195,123.06347,-71.93653106689453,-4.639999999999418,0.08000000000004093,Low
71,14,194,122.95098,-71.04901885986328,1.3099999999994907,0.39999999999997726,Low
71,15,193,122.29897,-70.7010269165039,-2.009999999999309,-0.37999999999999545,Low
71,16,192,121.82914,-70.17086029052734,9.009999999999309,-0.2300000000000182,Low
71,17,191,122.3846,-68.61540222167969,-2.899999999999636,-0.009999999999990905,Low
71,18,190,122.89213,-67.10787200927734,-0.8599999999996726,0.2300000000000182,Low
71,19,189,123.80934,-65.19065856933594,-1.0200000000004366,-0.3100000000000591,Low
71,20,188,123.45531,-64.54469299316406,1.3999999999996362,0.40000000000009095,Low
71,21,187,124.98097,-62.01902770996094,-8.699999999999818,-0.009999999999990905,Low
71,22,186,121.89292,-64.1070785522461,1.6900000000005093,-0.8000000000000682,Low
71,23,185,125.538055,-59.461944580078125,3.469999999999345,0.8000000000000682,Low
71,24,184,126.57409,-57.42591094970703,-0.7100000000000364,0.009999999999990905,Low
71,25,183,122.1139,-60.88610076904297,2.7899999999999636,-0.04000000000007731,Low
71,26,182,122.89592,-59.10408020019531,-5.399999999999636,-0.009999999999990905,Low
71,27,181,124.47844,-56.52156066894531,3.949999999999818,0.35000000000002274,Low
71,28,180,121.523674,-58.47632598876953,-4.229999999999563,0.20000000000004547,Low
71,29,179,119.34521,-59.65479278564453,2.5599999999994907,-0.41000000000008185,Low
71,30,178,120.11258,-57.887420654296875,-1.9399999999995998,0.12000000000000455,Low
71,31,177,120.637024,-56.36297607421875,6.880000000000109,-0.5499999999999545,Low
71,32,176,118.65702,-57.342979431152344,-10.510000000000218,-0.34000000000003183,Low
71,33,175,116.385925,-58.61407470703125,11.569999999999709,0.4600000000000364,Low
71,34,174,119.730675,-54.269325256347656,-10.4399999999996,0.34000000000003183,Low
71,35,173,122.48474,-50.5152587890625,-0.5,0.1999999999999318,Low
71,36,172,121.28391,-50.716087341308594,9.63000000000011,-0.4800000000000182,Low
71,37,171,123.530716,-47.46928405761719,-7.860000000000582,0.08000000000004093,Low
71,38,170,122.948204,-47.051795959472656,2.9700000000002547,0.37999999999999545,Low
71,39,169,117.75954,-51.24046325683594,5.680000000000291,-0.12999999999999545,Low
71,40,168,116.62213,-51.37786865234375,-6.050000000000182,-0.2899999999999636,Low
71,41,167,122.25046,-44.749542236328125,0.5,0.6299999999999955,Low
71,42,166,117.98363,-48.01637268066406,-1.7299999999995634,-0.5099999999999909,Low
71,43,165,118.68638,-46.313621520996094,-0.11000000000058208,-0.650000000000091,Low
71,44,164,115.94361,-48.05638885498047,6.720000000000255,0.5500000000000682,Low
71,45,163,118.32666,-44.67333984375,-1.6700000000000728,0.17999999999994998,Low
71,46,162,117.102295,-44.897705078125,-3.069999999999709,0.12999999999999545,Low
71,47,161,116.62995,-44.37004852294922,1.5299999999997453,0.40000000000009095,Low
71,48,160,116.138725,-43.86127471923828,7.359999999999673,-0.4700000000000273,Low
71,49,159,116.138504,-42.86149597167969,-10.299999999999272,-0.20000000000004547,Low
71,50,158,116.57908,-41.420921325683594,6.019999999999527,-0.2300000000000182,Low
71,51,157,116.09076,-40.90924072265625,0.7100000000000364,0.7000000000000455,Low
71,52,156,113.61959,-42.380409240722656,-3.2799999999997453,-0.4600000000000364,Low
71,53,155,116.56172,-38.43827819824219,-4.0900000000001455,0.16000000000008185,Low
71,54,154,117.50561,-36.49439239501953,2.3900000000003274,-0.22000000000002728,Low
71,55,153,118.70004,-34.299957275390625,0.6799999999993815,-0.12000000000000455,Low
71,56,152,115.63994,-36.36006164550781,-3.7799999999997453,0.2999999999999545,Low
71,57,151,116.437935,-34.56206512451172,3.6400000000003274,-0.7899999999999636,Low
71,58,150,126.10516,-23.89483642578125,0.9099999999998545,0.8300000000000409,Low
71,59,149,123.347916,-25.652084350585938,0.8599999999996726,0.029999999999972715,Low
71,60,148,118.95058,-29.049423217773438,-3.369999999999891,-0.17000000000007276,Low
71,61,147,121.688835,-25.31116485595703,2.5100000000002183,0.10000000000002274,Low
71,62,146,120.49427,-25.50572967529297,-6.550000000000182,-0.16999999999995907,Low
71,63,145,124.01195,-20.988052368164062,9.909999999999854,-0.2300000000000182,Low
71,64,144,122.15449,-21.84551239013672,0.7200000000002547,0.17999999999994998,Low
71,65,143,117.4194,-25.580596923828125,-3.930000000000291,0.14000000000010004,Low
71,66,142,115.87091,-26.12908935546875,2.5900000000001455,0.10999999999989996,Low
71,67,141,121.698425,-19.30157470703125,2.069999999999709,-0.7899999999999636,Low
71,68,140,121.83147,-18.168533325195312,-3.2299999999995634,0.8600000000000136,Low
71,69,139,123.70543,-15.294570922851562,1.3800000000001091,0.12999999999999545,Low
71,70,138,120.91131,-17.08869171142578,0.10999999999967258,-0.35000000000002274,Low
71,71,137,123.1367,-13.863296508789062,4.069999999999709,0.12000000000000455,Low
71,72,136,117.3963,-18.60369873046875,-2.449999999999818,0.029999999999972715,Low
71,73,135,113.48402,-21.51598358154297,-5.519999999999527,0.5400000000000773,Low
71,74,134,121.905174,-12.094825744628906,0.5099999999993088,-0.5600000000000591,Low
71,75,133,117.708405,-15.291595458984375,6.440000000000509,0.3100000000000591,Low
71,76,132,111.3219,-20.6781005859375,-6.069999999999709,-0.11000000000001364,Low
71,77,131,112.28598,-18.714019775390625,7.059999999999491,-0.12999999999999545,Low
71,78,130,113.422745,-16.577255249023438,-8.989999999999782,0.0,Low
71,79,129,113.55186,-15.448143005371094,1.6300000000001091,-0.07000000000005002,Low
71,80,128,107.734825,-20.265174865722656,4.829999999999927,0.030000000000086402,Low
71,81,127,117.08733,-9.912666320800781,-2.980000000000473,0.05999999999994543,Low
71,82,126,109.01808,-16.981918334960938,3.7700000000004366,0.12999999999999545,Low
71,83,125,106.84273,-18.157272338867188,1.0599999999994907,0.2799999999999727,Low
71,84,124,107.56029,-16.439712524414062,-1.1700000000000728,-0.8299999999999272,Low
71,85,123,107.21658,-15.783416748046875,-2.5799999999999272,0.37000000000000455,Low
71,86,122,103.87779,-18.122207641601562,-4.869999999999891,0.12999999999999545,Low
71,87,121,109.168816,-11.831184387207031,6.369999999999891,-0.030000000000086402,Low
71,88,120,111.0381,-8.961898803710938,-1.2100000000000364,0.12999999999999545,Low
71,89,119,114.35852,-4.6414794921875,-4.039999999999964,-0.6099999999999,Low
71,90,118,114.58203,-3.41796875,3.5,0.39999999999997726,Low
71,91,117,111.1327,-5.867301940917969,2.9700000000002547,-0.2799999999999727,Low
71,92,116,110.045235,-5.954765319824219,-0.7899999999999636,-0.05000000000006821,Low
71,93,115,112.50527,-2.4947280883789062,1.430000000000291,0.5299999999999727,Low
71,94,114,111.870224,-2.1297760009765625,0.09000000000014552,0.05000000000006821,Low
71,95,113,116.56413,3.5641326904296875,0.8599999999996726,-0.2599999999999909,Low
71,96,112,112.17833,0.1783294677734375,2.1899999999996,0.1999999999999318,Low
71,97,111,108.96615,-2.0338516235351562,-2.6799999999993815,-0.5399999999999636,Low
71,98,110,106.33379,-3.6662063598632812,-1.4900000000006912,-0.2799999999999727,Low
71,99,109,103.14812,-5.8518829345703125,-0.03999999999996362,0.4699999999999136,Low
71,100,108,105.49056,-2.5094375610351562,-6.819999999999709,0.3000000000000682,Low
71,101,107,102.94575,-4.054252624511719,7.940000000000509,-0.34000000000003183,Low
71,102,106,104.18615,-1.8138504028320312,4.559999999999491,0.029999999999972715,Low
71,103,105,111.67616,6.6761627197265625,-1.6599999999998545,-0.029999999999972715,Low
71,104,104,110.78086,6.780860900878906,1.9399999999995998,0.42000000000007276,Low
71,105,103,112.163284,9.163284301757812,-0.32999999999992724,-0.2300000000000182,Low
71,106,102,114.774086,12.774085998535156,-4.699999999999818,-0.38999999999998636,Low
71,107,101,111.75963,10.759628295898438,7.819999999999709,0.37999999999999545,Low
71,108,100,110.99358,10.993583679199219,-10.549999999999272,-0.09000000000003183,Low
71,109,99,104.63725,5.6372528076171875,4.059999999999491,0.2599999999999909,Low
71,110,98,113.13449,15.134490966796875,-0.5999999999994543,-0.14999999999997726,Low
71,111,97,113.12258,16.122581481933594,7.549999999999272,-0.4800000000000182,Low
71,112,96,115.378075,19.378074645996094,-6.589999999999236,0.25,Low
71,113,95,109.7645,14.764503479003906,-1.5399999999999636,0.2799999999999727,Low
71,114,94,102.73663,8.73663330078125,0.16999999999916326,-0.14999999999997726,Low
71,115,93,104.9698,11.969802856445312,5.1200000000008,-0.15999999999996817,Low
71,116,92,104.65544,12.655441284179688,-0.0500000000001819,0.2599999999999909,Low
71,117,91,106.374664,15.374664306640625,1.1099999999996726,0.06999999999993634,Low
71,118,90,103.08832,13.08831787109375,0.5299999999997453,-0.5799999999999272,Low
71,119,89,103.99775,14.997749328613281,-2.2899999999999636,0.6399999999999864,Low
71,120,88,104.98823,16.98822784423828,-1.449999999999818,-0.04000000000007731,Low
71,121,87,101.06696,14.066963195800781,4.860000000000582,0.4800000000000182,Low
71,122,86,102.42413,16.42413330078125,0.6099999999996726,-0.38999999999998636,Low
71,123,85,96.64527,11.645271301269531,-0.3000000000001819,-0.18999999999994088,Low
71,124,84,95.49328,11.493278503417969,-1.2200000000002547,0.07999999999992724,Low
71,125,83,101.28437,18.28437042236328,-3.869999999999891,0.4900000000000091,Low
71,126,82,92.597664,10.597663879394531,1.8900000000003274,-0.6100000000000136,Low
71,127,81,92.23406,11.234062194824219,-2.8100000000004,0.13999999999998636,Low
71,128,80,84.76702,4.767021179199219,8.640000000000327,0.21000000000003638,Low
71,129,79,85.29772,6.297721862792969,-4.020000000000437,0.009999999999990905,Low
71,130,78,80.03977,2.0397720336914062,6.690000000000509,-0.25,Low
71,131,77,73.57125,-3.4287490844726562,-0.9899999999997817,-0.5099999999999909,Medium
71,132,76,70.12645,-5.8735504150390625,-10.760000000000218,0.4800000000000182,Medium
71,133,75,69.172554,-5.827445983886719,8.079999999999927,0.22000000000002728,Medium
71,134,74,72.52455,-1.4754486083984375,-3.3400000000001455,-0.43000000000006366,Medium
71,135,73,71.54394,-1.4560623168945312,0.6000000000003638,0.42000000000007276,Medium
71,136,72,79.97393,7.973930358886719,-0.14000000000032742,-0.32000000000005,Medium
71,137,71,81.11736,10.117362976074219,3.8400000000001455,0.2799999999999727,Low
71,138,70,76.500946,6.500946044921875,-3.369999999999891,-0.05999999999994543,Medium
71,139,69,73.05301,4.053009033203125,2.4200000000000728,-0.3000000000000682,Medium
71,140,68,62.796337,-5.203662872314453,-2.490000000000691,0.2600000000001046,Medium
71,141,67,68.82503,1.8250274658203125,4.700000000000728,0.17999999999994998,Medium
71,142,66,60.87223,-5.127769470214844,4.519999999999527,-0.8700000000000045,Medium
71,143,65,68.14175,3.1417465209960938,-2.7799999999997453,0.9099999999999682,Medium
71,144,64,71.00196,7.001960754394531,-2.4200000000000728,-0.5799999999999272,Medium
71,145,63,76.89865,13.898651123046875,-2.3900000000003274,0.2699999999999818,Medium
71,146,62,78.910545,16.910545349121094,10.289999999999964,0.13999999999998636,Medium
71,147,61,69.28832,8.288322448730469,-2.899999999999636,0.14999999999997726,Medium
71,148,60,69.06427,9.06427001953125,-2.2200000000002547,0.21000000000003638,Medium
71,149,59,70.6885,11.688499450683594,0.3000000000001819,-0.4600000000000364,Medium
71,150,58,67.23949,9.239486694335938,4.350000000000364,0.09000000000003183,Medium
71,151,57,67.195045,10.195045471191406,-0.6700000000000728,-0.57000000000005,Medium
71,152,56,64.350746,8.350746154785156,-2.730000000000473,0.9100000000000819,Medium
71,153,55,64.97059,9.970588684082031,-1.389999999999418,0.12000000000000455,Medium
71,154,54,58.74537,4.745368957519531,9.799999999999272,-0.3000000000000682,Medium
71,155,53,48.647182,-4.352817535400391,-6.789999999999964,-0.32999999999992724,Medium
71,156,52,51.640984,-0.35901641845703125,0.3100000000004002,0.4799999999999045,Medium
71,157,51,52.17324,1.1732406616210938,-3.130000000000109,-0.4699999999999136,Medium
71,158,50,50.044655,0.04465484619140625,7.440000000000509,0.4699999999999136,Medium
71,159,49,53.886158,4.886157989501953,-4.540000000000873,0.2300000000000182,Medium
71,160,48,50.13562,2.1356201171875,1.860000000000582,-0.4199999999999591,Medium
71,161,47,51.698673,4.698673248291016,5.079999999999927,-0.40999999999996817,Medium
71,162,46,51.588985,5.588985443115234,0.7699999999995271,-0.04000000000007731,Medium
71,163,45,49.805378,4.805377960205078,7.75,0.7599999999999909,Medium
71,164,44,50.39448,6.394481658935547,-3.75,-0.09999999999990905,Medium
71,165,43,45.361267,2.36126708984375,-4.019999999999527,-0.3000000000000682,Medium
71,166,42,46.76606,4.766059875488281,-0.7700000000004366,0.2400000000000091,Medium
71,167,41,43.75195,2.7519493103027344,8.840000000000146,-0.18999999999994088,Medium
71,168,40,42.133137,2.133136749267578,-4.630000000000109,0.05999999999994543,Medium
71,169,39,41.588623,2.588623046875,-1.7799999999997453,-0.6100000000000136,Medium
71,170,38,36.91007,-1.0899314880371094,2.75,0.5500000000000682,Medium
71,171,37,35.795807,-1.204193115234375,3.3599999999996726,0.4199999999999591,Medium
71,172,36,35.391865,-0.6081352233886719,3.800000000000182,-0.35000000000002274,Medium
71,173,35,36.400105,1.4001045227050781,-8.739999999999782,-0.5299999999999727,Medium
71,174,34,37.734062,3.7340621948242188,6.979999999999563,0.6499999999999773,Medium
71,175,33,35.923958,2.9239578247070312,-1.5799999999999272,-0.25,Medium
71,176,32,38.449417,6.4494171142578125,1.2400000000006912,0.13999999999998636,Medium
71,177,31,33.99543,2.9954299926757812,8.489999999999782,0.3100000000000591,Medium
71,178,30,35.245586,5.245586395263672,-8.029999999999745,-0.36000000000001364,Medium
71,179,29,32.261112,3.2611122131347656,6.639999999999418,0.009999999999990905,Medium
71,180,28,32.999287,4.999286651611328,-0.9799999999995634,0.11000000000001364,Medium
71,181,27,27.751331,0.7513313293457031,0.8499999999994543,0.4199999999999591,High
71,182,26,27.012379,1.0123786926269531,-1.449999999999818,-0.37000000000000455,High
71,183,25,22.721972,-2.2780284881591797,8.350000000000364,0.6299999999999955,High
71,184,24,22.940119,-1.0598812103271484,0.8599999999996726,-0.8500000000000227,High
71,185,23,23.27592,0.2759208679199219,-2.2799999999997453,0.2400000000000091,High
71,186,22,23.572699,1.5726985931396484,-3.0900000000001455,-0.15999999999996817,High
71,187,21,22.733114,1.733114242553711,4.770000000000437,0.2300000000000182,High
71,188,20,19.834099,-0.16590118408203125,4.399999999999636,-0.2400000000000091,High
71,189,19,19.914442,0.9144420623779297,-3.6599999999998545,0.34000000000003183,High
71,190,18,21.488712,3.4887123107910156,9.280000000000655,0.11000000000001364,High
71,191,17,17.617947,0.6179466247558594,0.22999999999956344,-0.04000000000007731,High
71,192,16,16.108273,0.10827255249023438,-0.7400000000006912,0.17000000000007276,High
71,193,15,17.074118,2.074117660522461,-1.0299999999997453,-0.19000000000005457,High
71,194,14,17.227272,3.2272720336914062,1.2100000000000364,0.049999999999954525,High
71,195,13,16.345201,3.3452014923095703,3.019999999999527,-0.2799999999999727,High
71,196,12,15.927896,3.9278955459594727,0.6200000000008004,-0.01999999999998181,High
71,197,11,16.207829,5.207828521728516,8.049999999999272,0.37000000000000455,High
71,198,10,14.440374,4.440374374389648,0.19000000000050932,-0.13999999999998636,High
71,199,9,12.953852,3.9538516998291016,-0.13000000000101863,0.6200000000000045,High
71,200,8,9.645223,1.6452226638793945,1.6500000000014552,-0.6800000000000637,High
71,201,7,9.075237,2.075237274169922,4.680000000000291,0.12000000000000455,High
71,202,6,8.013028,2.013028144836426,-2.5100000000002183,0.020000000000095497,High
71,203,5,6.368444,1.3684439659118652,4.8799999999992,0.2199999999999136,High
71,204,4,5.558844,1.5588440895080566,3.889999999999418,-0.4199999999999591,High
71,205,3,4.1569076,1.156907558441162,-1.5299999999988358,0.7599999999999909,High
71,206,2,4.8202796,2.820279598236084,1.1000000000003638,-0.5,High
71,207,1,3.509746,2.5097460746765137,-2.430000000000291,-0.10000000000002274,High
71,208,0,2.9553127,2.955312728881836,11.6299999999992,0.17000000000007276,High
74,1,165,127.563675,-37.43632507324219,0.0,0.0,Low
74,2,164,121.277084,-42.72291564941406,1.5,-0.049999999999954525,Low
74,3,163,118.25806,-44.741943359375,-4.610000000000582,0.35000000000002274,Low
74,4,162,117.42445,-44.57554626464844,3.1700000000000728,-0.5399999999999636,Low
74,5,161,119.25435,-41.74565124511719,-5.289999999999964,0.4799999999999045,Low
74,6,160,113.59619,-46.40380859375,8.61999999999989,-0.4399999999999409,Low
74,7,159,112.813,-46.18699645996094,-1.8699999999998909,0.10000000000002274,Low
74,8,158,114.09578,-43.90422058105469,-1.8400000000001455,0.049999999999954525,Low
74,9,157,116.84689,-40.153106689453125,-5.4299999999993815,-0.08000000000004093,Low
74,10,156,116.28963,-39.71037292480469,-0.8900000000003274,0.05000000000006821,Low
74,11,155,106.705475,-48.294525146484375,3.7899999999999636,0.16999999999995907,Low
74,12,154,107.908554,-46.09144592285156,4.479999999999563,0.37999999999999545,Low
74,13,153,102.9517,-50.048301696777344,-1.949999999999818,-0.4700000000000273,Low
74,14,152,100.9478,-51.05220031738281,0.6999999999998181,-0.06999999999993634,Low
74,15,151,102.48111,-48.518890380859375,-0.7599999999993088,-0.4500000000000455,Low
74,16,150,104.48512,-45.51487731933594,3.3599999999996726,0.5099999999999909,Low
74,17,149,108.29688,-40.70311737060547,-5.220000000000255,-0.39999999999997726,Low
74,18,148,109.38417,-38.61582946777344,-1.6499999999996362,0.13999999999998636,Low
74,19,147,115.456406,-31.543594360351562,5.869999999999891,-0.03999999999996362,Low
74,20,146,113.15123,-32.84877014160156,-1.8400000000001455,0.39999999999997726,Low
74,21,145,113.85365,-31.146347045898438,3.8400000000001455,-0.39999999999997726,Low
74,22,144,112.59146,-31.408538818359375,-2.2100000000000364,-0.029999999999972715,Low
74,23,143,112.334854,-30.665145874023438,-9.4399999999996,0.4700000000000273,Low
74,24,142,115.541504,-26.45849609375,8.609999999999673,0.03999999999996362,Low
74,25,141,115.94571,-25.054290771484375,-1.8299999999999272,-0.4500000000000455,Low
74,26,140,115.8848,-24.115196228027344,-2.619999999999891,0.4600000000000364,Low
74,27,139,117.42411,-21.575889587402344,0.75,-0.7000000000000455,Low
74,28,138,116.18034,-21.819656372070312,4.470000000000255,0.05000000000006821,Low
74,29,137,114.77867,-22.221328735351562,0.9399999999995998,0.6100000000000136,Low
74,30,136,113.614655,-22.385345458984375,-4.550000000000182,-0.42000000000007276,Low
74,31,135,110.57892,-24.42108154296875,-0.11999999999989086,0.07000000000005002,Low
74,32,134,112.12741,-21.872589111328125,7.300000000000182,0.14999999999997726,Low
74,33,133,112.698074,-20.301925659179688,-6.690000000000509,0.2999999999999545,Low
74,34,132,109.26083,-22.739166259765625,-3.339999999999236,-0.14999999999997726,Low
74,35,131,108.77016,-22.229843139648438,3.699999999999818,0.19000000000005457,Low
74,36,130,112.08754,-17.912460327148438,-2.369999999999891,-0.5199999999999818,Low
74,37,129,111.36663,-17.63336944580078,6.009999999999309,0.05999999999994543,Low
74,38,128,112.84028,-15.159721374511719,0.22000000000025466,-0.029999999999972715,Low
74,39,127,116.03572,-10.964279174804688,-6.149999999999636,0.22000000000002728,Low
74,40,126,116.54445,-9.455551147460938,3.5599999999994907,-0.08000000000004093,Low
74,41,125,113.589386,-11.410614013671875,1.8699999999998909,0.2300000000000182,Low
74,42,124,115.808395,-8.191604614257812,2.5200000000004366,-0.3300000000000409,Low
74,43,123,117.84451,-5.155487060546875,-4.380000000000109,-0.01999999999998181,Low
74,44,122,118.937126,-3.0628738403320312,5.350000000000364,0.03999999999996362,Low
74,45,121,117.23253,-3.7674713134765625,-8.700000000000728,0.44000000000005457,Low
74,46,120,116.55534,-3.4446563720703125,0.7899999999999636,-0.2699999999999818,Low
74,47,119,114.993355,-4.006645202636719,0.5800000000008367,0.17999999999994998,Low
74,48,118,116.10818,-1.8918228149414062,-1.3500000000003638,-0.22000000000002728,Low
74,49,117,114.63074,-2.3692626953125,1.2100000000000364,0.38999999999998636,Low
74,50,116,116.34487,0.34487152099609375,7.8400000000001455,-0.40999999999996817,Low
74,51,115,113.00662,-1.993377685546875,-6.350000000000364,0.18000000000006366,Low
74,52,114,113.35876,-0.6412429809570312,-6.130000000000109,-0.10000000000002274,Low
74,53,113,115.61726,2.6172637939453125,5.9099999999998545,0.15999999999996817,Low
74,54,112,116.46555,4.465553283691406,-3.519999999999527,-0.13999999999998636,Low
74,55,111,119.19837,8.198371887207031,0.6899999999995998,-0.029999999999972715,Low
74,56,110,115.97269,5.972686767578125,11.020000000000437,-0.14999999999997726,Low
74,57,109,118.12107,9.121070861816406,-9.020000000000437,-0.21000000000003638,Low
74,58,108,115.710556,7.7105560302734375,0.1500000000005457,0.30999999999994543,Low
74,59,107,114.982574,7.982574462890625,3.7600000000002183,-0.11000000000001364,Low
74,60,106,115.09969,9.099693298339844,-0.22000000000025466,0.22000000000002728,Low
74,61,105,111.5077,6.507698059082031,-7.680000000000291,0.25,Low
74,62,104,111.912994,7.912994384765625,2.9600000000000364,-0.39999999999997726,Low
74,63,103,112.47509,9.475090026855469,2.980000000000473,0.08000000000004093,Low
74,64,102,111.99145,9.991447448730469,-0.410000000000764,0.37000000000000455,Low
74,65,101,108.974915,7.97491455078125,4.270000000000437,-0.4800000000000182,Low
74,66,100,100.24543,0.24542999267578125,-5.0,-0.34000000000003183,Low
74,67,99,104.970825,5.9708251953125,-4.850000000000364,0.21000000000003638,Low
74,68,98,102.345146,4.345146179199219,4.270000000000437,0.42999999999995,Low
74,69,97,99.51979,2.5197906494140625,-5.130000000000109,-0.2699999999999818,Low
74,70,96,102.00306,6.003059387207031,1.4099999999998545,-0.16999999999995907,Low
74,71,95,94.731895,-0.26810455322265625,0.42000000000007276,0.40999999999996817,Low
74,72,94,95.80342,1.8034210205078125,1.5799999999999272,-0.009999999999990905,Low
74,73,93,101.08659,8.086593627929688,-1.519999999999527,0.18999999999994088,Low
74,74,92,106.33668,14.336677551269531,7.099999999999454,-0.34999999999990905,Low
74,75,91,103.89181,12.891807556152344,-2.399999999999636,-0.16000000000008185,Low
74,76,90,113.504135,23.504135131835938,4.019999999999527,0.6800000000000637,Low
74,77,89,116.5312,27.53119659423828,-7.329999999999927,-1.0400000000000773,Low
74,78,88,115.87734,27.877342224121094,-2.880000000000109,0.5500000000000682,Low
74,79,87,114.00417,27.004173278808594,7.940000000000509,0.13999999999998636,Low
74,80,86,112.769295,26.76929473876953,-2.480000000000473,0.12000000000000455,Low
74,81,85,111.984184,26.98418426513672,0.2600000000002183,0.2799999999999727,Low
74,82,84,107.18037,23.18036651611328,6.449999999999818,-0.75,Low
74,83,83,103.87927,20.8792724609375,-5.359999999999673,0.12000000000000455,Low
74,84,82,105.97045,23.97045135498047,-4.489999999999782,0.4700000000000273,Low
74,85,81,100.197685,19.19768524169922,5.289999999999964,0.2400000000000091,Low
74,86,80,93.35188,13.351882934570312,-0.27000000000043656,-0.6299999999999955,Low
74,87,79,81.87154,2.8715362548828125,-3.139999999999418,-0.07000000000005002,Low
74,88,78,89.896996,11.896995544433594,-4.25,-0.40999999999996817,Low
74,89,77,87.09719,10.097190856933594,4.3799999999992,0.21000000000003638,Low
74,90,76,91.84896,15.848960876464844,-3.149999999999636,1.1399999999999864,Low
74,91,75,96.308495,21.308494567871094,0.9200000000000728,-0.7100000000000364,Low
74,92,74,108.83776,34.83776092529297,-2.8599999999996726,-0.5,Low
74,93,73,105.02889,32.028892517089844,4.3799999999992,0.12999999999999545,Low
74,94,72,106.103745,34.10374450683594,0.24000000000069122,0.2300000000000182,Low
74,95,71,105.57805,34.57804870605469,-3.800000000000182,0.1999999999999318,Low
74,96,70,110.36497,40.364967346191406,2.0299999999997453,-0.009999999999990905,Low
74,97,69,112.63261,43.632606506347656,-1.1499999999996362,0.82000000000005,Low
74,98,68,110.66168,42.66168212890625,3.6599999999998545,-0.13999999999998636,Low
74,99,67,111.70059,44.700592041015625,-5.359999999999673,-0.6000000000000227,Low
74,100,66,110.90249,44.902488708496094,-3.240000000000691,0.17999999999994998,Low
74,101,65,111.608,46.608001708984375,4.5900000000001455,-0.5499999999999545,Low
74,102,64,109.32855,45.32855224609375,1.7200000000002547,0.11000000000001364,Low
74,103,63,113.03768,50.037681579589844,-5.170000000000073,-0.38999999999998636,Low
74,104,62,111.521255,49.52125549316406,3.4700000000002547,0.4800000000000182,Low
74,105,61,111.93641,50.93640899658203,0.5099999999993088,0.12999999999999545,Low
74,106,60,105.85946,45.859458923339844,8.930000000000291,-0.41000000000008185,Low
74,107,59,104.567635,45.56763458251953,-9.819999999999709,0.5400000000000773,Low
74,108,58,107.38188,49.38188171386719,2.2200000000002547,-0.19000000000005457,Low
74,109,57,104.186455,47.18645477294922,4.869999999999891,0.13999999999998636,Low
74,110,56,103.61535,47.61534881591797,-8.970000000000255,-0.029999999999972715,Low
74,111,55,105.02114,50.021141052246094,-0.18000000000029104,0.03999999999996362,Low
74,112,54,102.45396,48.453956604003906,2.1900000000005093,0.07000000000005002,Low
74,113,53,93.29425,40.29425048828125,-2.9200000000000728,0.08000000000004093,Low
74,114,52,86.41848,34.418479919433594,-2.630000000000109,-0.44000000000005457,Low
74,115,51,82.03555,31.035552978515625,6.350000000000364,0.03999999999996362,Low
74,116,50,89.077126,39.077125549316406,-4.8200000000006185,-0.07999999999992724,Low
74,117,49,93.575066,44.57506561279297,6.8200000000006185,0.17999999999994998,Low
74,118,48,86.730194,38.730194091796875,-5.400000000000546,0.6299999999999955,Low
74,119,47,83.79625,36.79624938964844,-2.269999999999527,-0.4599999999999227,Low
74,120,46,77.21019,31.210189819335938,1.1899999999995998,-0.43000000000006366,Medium
74,121,45,87.485176,42.48517608642578,2.069999999999709,0.2599999999999909,Low
74,122,44,82.65324,38.653236389160156,-1.0799999999999272,-0.2899999999999636,Low
74,123,43,81.03867,38.038673400878906,0.9600000000000364,0.5299999999999727,Low
74,124,42,80.5017,38.50170135498047,2.3100000000004,-0.2599999999999909,Low
74,125,41,85.10782,44.107818603515625,3.9399999999996,0.21000000000003638,Low
74,126,40,85.15008,45.15007781982422,-8.5,-0.2400000000000091,Low
74,127,39,79.921165,40.921165466308594,-2.889999999999418,0.30999999999994543,Medium
74,128,38,83.537315,45.537315368652344,1.139999999999418,-0.32999999999992724,Low
74,129,37,83.746185,46.746185302734375,0.9000000000005457,-0.07000000000005002,Low
74,130,36,76.87896,40.87895965576172,3.8599999999996726,0.5,Medium
74,131,35,72.190025,37.190025329589844,-2.0799999999999272,0.34000000000003183,Medium
74,132,34,67.45069,33.45069122314453,-0.11999999999989086,-0.6299999999999955,Medium
74,133,33,71.0596,38.059600830078125,0.22999999999956344,0.2999999999999545,Medium
74,134,32,70.17462,38.17462158203125,-4.469999999999345,0.4600000000000364,Medium
74,135,31,66.91618,35.91618347167969,1.4799999999995634,-0.5299999999999727,Medium
74,136,30,65.425224,35.42522430419922,-0.14000000000032742,0.07999999999992724,Medium
74,137,29,50.73022,21.730220794677734,2.880000000000109,-0.25,Medium
74,138,28,64.39045,36.39044952392578,-2.119999999999891,0.22000000000002728,Medium
74,139,27,59.052624,32.0526237487793,-0.930000000000291,0.11000000000001364,Medium
74,140,26,63.403473,37.403472900390625,-2.869999999999891,0.01999999999998181,Medium
74,141,25,59.490593,34.49059295654297,1.6700000000000728,0.2899999999999636,Medium
74,142,24,54.521202,30.521202087402344,3.0100000000002183,-0.01999999999998181,Medium
74,143,23,43.548344,20.548343658447266,1.0600000000004002,-0.32999999999992724,Medium
74,144,22,38.41935,16.419349670410156,-6.390000000000327,0.4199999999999591,Medium
74,145,21,40.93889,19.938888549804688,3.8599999999996726,-1.0399999999999636,Medium
74,146,20,41.968643,21.968643188476562,-3.399999999999636,1.0599999999999454,Medium
74,147,19,34.154686,15.154685974121094,-6.869999999999891,-0.2300000000000182,Medium
74,148,18,33.108074,15.108074188232422,10.389999999999418,0.17000000000007276,Medium
74,149,17,32.613525,15.613525390625,-4.069999999999709,-0.18000000000006366,Medium
74,150,16,25.69943,9.699430465698242,2.550000000000182,0.32000000000005,High
74,151,15,26.653635,11.653635025024414,1.2799999999997453,-0.44000000000005457,High
74,152,14,27.508076,13.508075714111328,-6.9099999999998545,0.22000000000002728,High
74,153,13,25.649282,12.649282455444336,1.1000000000003638,0.03999999999996362,High
74,154,12,23.081263,11.081262588500977,-1.480000000000473,0.2599999999999909,High
74,155,11,17.718037,6.718036651611328,1.6700000000000728,0.2800000000000864,High
74,156,10,15.793043,5.79304313659668,2.3599999999996726,-0.41000000000008185,High
74,157,9,15.435692,6.435691833496094,-2.9600000000000364,-0.14999999999997726,High
74,158,8,13.249723,5.249723434448242,0.19000000000050932,0.6100000000000136,High
74,159,7,14.226425,7.2264251708984375,3.399999999999636,-0.2599999999999909,High
74,160,6,13.561546,7.561546325683594,-6.309999999999491,-0.14999999999997726,High
74,161,5,12.7845125,7.784512519836426,-1.0200000000004366,0.4900000000000091,High
74,162,4,11.805091,7.80509090423584,1.230000000000473,-0.2599999999999909,High
74,163,3,8.191182,5.1911821365356445,-3.9400000000005093,0.4599999999999227,High
74,164,2,5.2725587,3.2725586891174316,2.180000000000291,-0.5199999999999818,High
74,165,1,6.103748,5.103747844696045,3.8100000000004,0.32000000000005,High
74,166,0,4.263542,4.263542175292969,-5.900000000000546,-0.6700000000000728,High
77,1,153,109.95228,-43.04772186279297,0.0,0.0,Low
77,2,152,101.28085,-50.719146728515625,0.8999999999996362,-0.15999999999996817,Low
77,3,151,100.35165,-50.648353576660156,-2.2899999999999636,-0.6800000000000637,Low
77,4,150,114.817184,-35.18281555175781,5.859999999999673,0.9300000000000637,Low
77,5,149,111.06614,-37.933860778808594,-1.0299999999997453,-0.6200000000000045,Low
77,6,148,110.87396,-37.12603759765625,-2.869999999999891,0.7599999999999909,Low
77,7,147,108.86103,-38.13896942138672,2.5999999999994543,-0.5900000000000318,Low
77,8,146,111.82624,-34.17375946044922,2.0100000000002183,0.13999999999998636,Low
77,9,145,106.510895,-38.489105224609375,-3.300000000000182,0.32000000000005,Low
77,10,144,115.36028,-28.63971710205078,-3.119999999999891,0.11000000000001364,Low
77,11,143,116.334816,-26.665184020996094,4.550000000000182,0.2999999999999545,Low
77,12,142,121.50199,-20.498008728027344,-2.5399999999999636,-0.8300000000000409,Low
77,13,141,122.71809,-18.28191375732422,-0.6899999999995998,-0.17999999999994998,Low
77,14,140,118.287605,-21.71239471435547,2.6799999999993815,0.57000000000005,Low
77,15,139,121.904594,-17.09540557861328,-0.05999999999949068,-0.04000000000007731,Low
77,16,138,119.342705,-18.65729522705078,-5.020000000000437,-0.049999999999954525,Low
77,17,137,118.25969,-18.740310668945312,5.119999999999891,0.2300000000000182,Low
77,18,136,120.11635,-15.883651733398438,2.910000000000764,-0.5400000000000773,Low
77,19,135,119.1546,-15.84539794921875,-5.430000000000291,0.009999999999990905,Low
77,20,134,120.66173,-13.338272094726562,-3.110000000000582,0.4800000000000182,Low
77,21,133,120.901436,-12.098564147949219,5.520000000000437,-0.2999999999999545,Low
77,22,132,119.872055,-12.127944946289062,-0.7299999999995634,0.16999999999995907,Low
77,23,131,119.06329,-11.93670654296875,-3.3400000000001455,0.2599999999999909,Low
77,24,130,118.06872,-11.931282043457031,6.6799999999993815,-0.12999999999999545,Low
77,25,129,116.76154,-12.238456726074219,-4.719999999999345,-0.25,Low
77,26,128,114.189316,-13.810684204101562,-0.4600000000000364,0.22000000000002728,Low
77,27,127,118.37466,-8.625343322753906,-1.3200000000006185,-0.32000000000005,Low
77,28,126,113.1169,-12.883102416992188,-0.17999999999938154,0.37999999999999545,Low
77,29,125,114.84698,-10.153022766113281,7.009999999999309,-0.2799999999999727,Low
77,30,124,115.72727,-8.272727966308594,-2.869999999999891,0.11000000000001364,Low
77,31,123,115.67212,-7.327880859375,-4.1799999999993815,0.22000000000002728,Low
77,32,122,118.95253,-3.0474700927734375,2.8299999999999272,-0.2799999999999727,Low
77,33,121,119.24026,-1.7597427368164062,-2.8100000000004,0.5099999999999909,Low
77,34,120,119.672806,-0.3271942138671875,2.7200000000002547,-0.5199999999999818,Low
77,35,119,115.87551,-3.1244888305664062,1.0100000000002183,0.5799999999999272,Low
77,36,118,115.564445,-2.4355545043945312,0.8800000000001091,-0.2899999999999636,Low
77,37,117,119.304924,2.3049240112304688,-1.0100000000002183,0.0,Low
77,38,116,113.93088,-2.069122314453125,1.5,-0.13999999999998636,Low
77,39,115,112.99264,-2.0073623657226562,-2.4899999999997817,-0.11000000000001364,Low
77,40,114,110.946785,-3.0532150268554688,2.119999999999891,-0.16999999999995907,Low
77,41,113,113.61389,0.6138916015625,-1.5600000000004002,0.4399999999999409,Low
77,42,112,112.67811,0.6781082153320312,1.4899999999997817,-0.5099999999999909,Low
77,43,111,111.19455,0.194549560546875,1.4000000000005457,-0.2899999999999636,Low
77,44,110,114.34724,4.347236633300781,-3.110000000000582,0.36000000000001364,Low
77,45,109,119.17475,10.174751281738281,4.25,0.2999999999999545,Low
77,46,108,120.07669,12.076690673828125,-1.7299999999995634,-0.06000000000005912,Low
77,47,107,116.78743,9.787429809570312,1.6300000000001091,-0.2099999999999227,Low
77,48,106,115.73317,9.733169555664062,-9.420000000000073,-0.05000000000006821,Low
77,49,105,115.58077,10.580772399902344,10.9399999999996,0.06000000000005912,Low
77,50,104,117.89709,13.897087097167969,-3.259999999999309,0.34000000000003183,Low
77,51,103,118.97438,15.974380493164062,-5.990000000000691,-0.5500000000000682,Low
77,52,102,115.60222,13.602218627929688,2.5399999999999636,0.22000000000002728,Low
77,53,101,116.471695,15.471694946289062,2.9099999999998545,-0.049999999999954525,Low
77,54,100,113.53384,13.533836364746094,0.8600000000005821,0.4899999999998954,Low
77,55,99,115.524086,16.524085998535156,-8.350000000000364,-0.7299999999999045,Low
77,56,98,114.458565,16.45856475830078,8.210000000000036,0.16999999999995907,Low
77,57,97,114.659935,17.659934997558594,-3.899999999999636,-0.2400000000000091,Low
77,58,96,116.04084,20.04084014892578,3.649999999999636,0.7100000000000364,Low
77,59,95,114.574974,19.574974060058594,2.550000000000182,0.11000000000001364,Low
77,60,94,115.76139,21.761390686035156,-6.5,0.01999999999998181,Low
77,61,93,118.106026,25.10602569580078,-0.23999999999978172,-0.22000000000002728,Low
77,62,92,111.96354,19.963539123535156,7.989999999999782,-0.2799999999999727,Low
77,63,91,114.12393,23.123931884765625,-6.0,0.5,Low
77,64,90,116.086876,26.086875915527344,-4.1599999999998545,0.009999999999990905,Low
77,65,89,116.27267,27.272666931152344,2.9399999999996,-0.40999999999996817,Low
77,66,88,111.10521,23.105209350585938,-0.9799999999995634,0.049999999999954525,Low
77,67,87,108.742035,21.742034912109375,1.3400000000001455,0.11000000000001364,Low
77,68,86,106.444435,20.444435119628906,-2.130000000000109,0.39999999999997726,Low
77,69,85,109.09496,24.09496307373047,3.3400000000001455,-0.2799999999999727,Low
77,70,84,109.29653,25.296531677246094,-2.240000000000691,-0.12999999999999545,Low
77,71,83,112.63861,29.63861083984375,7.25,-0.3300000000000409,Low
77,72,82,108.63389,26.633888244628906,2.230000000000473,0.2799999999999727,Low
77,73,81,107.40036,26.400360107421875,-7.670000000000073,0.009999999999990905,Low
77,74,80,107.542175,27.54217529296875,-0.5600000000004002,-0.2899999999999636,Low
77,75,79,110.093925,31.09392547607422,2.1900000000005093,0.21000000000003638,Low
77,76,78,110.15271,32.1527099609375,-4.300000000000182,0.029999999999972715,Low
77,77,77,107.6353,30.635299682617188,8.970000000000255,-0.34000000000003183,Low
77,78,76,107.87003,31.870033264160156,-2.980000000000473,0.900000000000091,Low
77,79,75,103.39668,28.396682739257812,3.4099999999998545,-0.7600000000001046,Low
77,80,74,107.9939,33.993896484375,-6.1899999999996,1.3799999999999955,Low
77,81,73,109.389175,36.38917541503906,2.75,-1.0,Low
77,82,72,118.28688,46.28688049316406,1.9899999999997817,-0.5099999999999909,Low
77,83,71,123.426155,52.42615509033203,-3.3599999999996726,0.8300000000000409,Low
77,84,70,120.34235,50.34234619140625,6.099999999999454,-0.25,Low
77,85,69,120.016495,51.01649475097656,-1.5499999999992724,-0.029999999999972715,Low
77,86,68,115.08527,47.08527374267578,-8.180000000000291,0.4800000000000182,Low
77,87,67,111.750694,44.750694274902344,0.7200000000002547,-0.8100000000000591,Low
77,88,66,114.38569,48.38568878173828,1.3299999999999272,0.5299999999999727,Low
77,89,65,110.704315,45.704315185546875,-2.3100000000004,-0.8199999999999363,Low
77,90,64,115.78888,51.78887939453125,8.840000000000146,0.4499999999999318,Low
77,91,63,111.93745,48.93744659423828,-1.8999999999996362,0.11000000000001364,Low
77,92,62,102.02376,40.02375793457031,-0.06000000000040018,0.13999999999998636,Low
77,93,61,94.493095,33.49309539794922,-0.5,0.010000000000104592,Low
77,94,60,83.36278,23.362777709960938,0.07999999999992724,-0.030000000000086402,Low
77,95,59,64.95539,5.955390930175781,2.449999999999818,0.75,Medium
77,96,58,78.30851,20.308509826660156,-5.219999999999345,-0.8099999999999454,Medium
77,97,57,70.99622,13.996223449707031,4.799999999999272,0.35000000000002274,Medium
77,98,56,69.55341,13.553413391113281,-0.8699999999998909,0.009999999999990905,Medium
77,99,55,61.376335,6.376335144042969,-6.799999999999272,-0.5199999999999818,Medium
77,100,54,67.468605,13.468605041503906,8.779999999999745,-0.11000000000001364,Medium
77,101,53,75.96078,22.960777282714844,-5.860000000000582,0.5499999999999545,Medium
77,102,52,76.329384,24.329383850097656,4.020000000000437,-0.2599999999999909,Medium
77,103,51,74.85365,23.853652954101562,-2.100000000000364,-0.07000000000005002,Medium
77,104,50,75.315475,25.315475463867188,-4.239999999999782,-0.18999999999994088,Medium
77,105,49,75.3864,26.386398315429688,7.869999999999891,0.2799999999999727,Medium
77,106,48,71.1907,23.190696716308594,2.130000000000109,-0.01999999999998181,Medium
77,107,47,68.925545,21.92554473876953,-7.9099999999998545,-0.09000000000003183,Medium
77,108,46,70.46579,24.465789794921875,1.1400000000003274,0.19000000000005457,Medium
77,109,45,66.37858,21.378578186035156,-1.1200000000008004,-0.19000000000005457,Medium
77,110,44,65.00841,21.008407592773438,5.410000000000764,0.2400000000000091,Medium
77,111,43,71.01696,28.01696014404297,-5.980000000000473,-0.12000000000000455,Medium
77,112,42,65.68484,23.684837341308594,4.449999999999818,0.14999999999997726,Medium
77,113,41,60.286613,19.28661346435547,3.4000000000005457,0.08000000000004093,Medium
77,114,40,53.85373,13.853729248046875,-2.0200000000004366,0.15999999999996817,Medium
77,115,39,53.692394,14.692394256591797,5.020000000000437,-0.7599999999999909,Medium
77,116,38,53.210815,15.2108154296875,-6.900000000000546,0.44000000000005457,Medium
77,117,37,54.0579,17.057899475097656,1.4900000000006912,0.35000000000002274,Medium
77,118,36,46.687523,10.687522888183594,0.03999999999996362,0.049999999999954525,Medium
77,119,35,46.61354,11.613540649414062,-2.5200000000004366,-0.32000000000005,Medium
77,120,34,45.015244,11.015243530273438,-0.5199999999995271,-0.03999999999996362,Medium
77,121,33,46.818974,13.818973541259766,5.789999999999964,0.0,Medium
77,122,32,48.311356,16.311355590820312,-2.030000000000655,-0.11000000000001364,Medium
77,123,31,55.646416,24.64641571044922,4.660000000000764,0.13999999999998636,Medium
77,124,30,53.367043,23.367042541503906,-4.880000000000109,-0.009999999999990905,Medium
77,125,29,46.287525,17.287525177001953,4.559999999999491,0.029999999999972715,Medium
77,126,28,47.078114,19.078113555908203,0.9200000000000728,-0.12999999999999545,Medium
77,127,27,46.167,19.16699981689453,-4.789999999999964,0.5500000000000682,Medium
77,128,26,39.857975,13.857975006103516,-0.3599999999996726,-0.2799999999999727,Medium
77,129,25,40.728275,15.728275299072266,6.639999999999418,0.34999999999990905,Medium
77,130,24,37.035717,13.035717010498047,-0.6999999999998181,-0.5299999999999727,Medium
77,131,23,35.03942,12.039421081542969,-1.1599999999998545,0.03999999999996362,Medium
77,132,22,31.273346,9.273345947265625,1.8800000000001091,0.32000000000005,Medium
77,133,21,31.150047,10.150047302246094,-8.029999999999745,-0.32000000000005,Medium
77,134,20,29.686985,9.68698501586914,4.479999999999563,0.6000000000000227,High
77,135,19,28.957897,9.957897186279297,-4.039999999999964,-0.2899999999999636,High
77,136,18,25.006462,7.006462097167969,2.0399999999999636,0.6100000000000136,High
77,137,17,22.321255,5.321254730224609,-0.2600000000002183,-1.0500000000000682,High
77,138,16,20.659729,4.65972900390625,4.3100000000004,0.21000000000003638,High
77,139,15,21.10414,6.10413932800293,-1.6199999999998909,0.2699999999999818,High
77,140,14,19.563936,5.563936233520508,4.9299999999993815,-0.16999999999995907,High
77,141,13,17.999237,4.999237060546875,1.6300000000001091,-0.14999999999997726,High
77,142,12,19.647161,7.647161483764648,-0.7199999999993452,-0.07000000000005002,High
77,143,11,19.874395,8.874395370483398,-1.6200000000008004,0.25,High
77,144,10,17.999014,7.999013900756836,3.3100000000004,0.6000000000000227,High
77,145,9,15.47415,6.474149703979492,-1.519999999999527,-0.8400000000000318,High
77,146,8,16.533363,8.533363342285156,-0.3400000000001455,0.09000000000003183,High
77,147,7,14.145293,7.145293235778809,-8.360000000000582,-0.20000000000004547,High
77,148,6,11.630454,5.630454063415527,15.5600000000004,0.6000000000000227,High
77,149,5,9.976531,4.976531028747559,-8.11999999999989,0.0,High
77,150,4,6.9667115,2.9667115211486816,-2.119999999999891,0.35000000000002274,High
77,151,3,5.7090316,2.709031581878662,4.960000000000036,-0.5199999999999818,High
77,152,2,4.7911286,2.791128635406494,-1.1000000000003638,0.4399999999999409,High
77,153,1,2.8510578,1.851057767868042,5.670000000000073,0.01999999999998181,High
77,154,0,1.293096,1.2930959463119507,-2.6599999999998545,-0.31999999999993634,High
78,1,230,127.22227,-102.7777328491211,0.0,0.0,Low
78,2,229,124.87988,-104.1201171875,5.300000000000182,-0.5499999999999545,Low
78,3,228,121.617805,-106.38219451904297,-6.059999999999491,0.5099999999999909,Low
78,4,227,124.38571,-102.61428833007812,1.800000000000182,0.17999999999994998,Low
78,5,226,124.65358,-101.34642028808594,-0.1500000000005457,-0.13999999999998636,Low
78,6,225,125.67604,-99.32395935058594,-0.8400000000001455,-0.30999999999994543,Low
78,7,224,123.227646,-100.77235412597656,0.680000000000291,-0.13000000000010914,Low
78,8,223,125.91135,-97.08865356445312,0.2600000000002183,0.4900000000000091,Low
78,9,222,124.93958,-97.06041717529297,0.17999999999938154,0.12999999999999545,Low
78,10,221,124.61313,-96.38687133789062,-3.7100000000000364,-0.2699999999999818,Low
78,11,220,124.258575,-95.74142456054688,0.17000000000007276,0.2400000000000091,Low
78,12,219,124.74566,-94.25434112548828,4.3400000000001455,-0.6499999999999773,Low
78,13,218,124.607346,-93.39265441894531,0.9499999999998181,0.5599999999999454,Low
78,14,217,124.63312,-92.36688232421875,-0.18999999999959982,0.36000000000001364,Low
78,15,216,124.49095,-91.50904846191406,-1.0100000000002183,-0.5099999999999909,Low
78,16,215,123.91843,-91.08157348632812,-1.8699999999998909,-0.32999999999992724,Low
78,17,214,123.813515,-90.18648529052734,8.11999999999989,0.38999999999998636,Low
78,18,213,123.44065,-89.5593490600586,-0.8400000000001455,0.22000000000002728,Low
78,19,212,124.66083,-87.33917236328125,-9.55999999999949,-0.010000000000104592,Low
78,20,211,124.51334,-86.48665618896484,1.5399999999999636,0.11000000000001364,Low
78,21,210,123.50069,-86.49931335449219,-1.5299999999997453,-0.2899999999999636,Low
78,22,209,123.195724,-85.80427551269531,4.899999999999636,0.14999999999997726,Low
78,23,208,124.38359,-83.61640930175781,-5.380000000000109,-0.67999999999995,Low
78,24,207,124.50351,-82.49649047851562,5.359999999999673,0.2999999999999545,Low
78,25,206,123.4645,-82.5354995727539,2.0100000000002183,0.34000000000003183,Low
78,26,205,122.9472,-82.05280303955078,-8.389999999999418,0.029999999999972715,Low
78,27,204,123.80283,-80.1971664428711,1.7299999999995634,-0.35000000000002274,Low
78,28,203,123.865524,-79.13447570800781,8.840000000000146,0.21000000000003638,Low
78,29,202,125.0247,-76.97530364990234,-3.9899999999997817,-0.2400000000000091,Low
78,30,201,124.63858,-76.36141967773438,-2.3900000000003274,0.6900000000000546,Low
78,31,200,124.71509,-75.284912109375,-0.07999999999992724,-0.2700000000000955,Low
78,32,199,124.721214,-74.2787857055664,1.3299999999999272,0.04000000000007731,Low
78,33,198,124.93056,-73.06944274902344,-6.859999999999673,-0.20000000000004547,Low
78,34,197,124.972206,-72.02779388427734,4.559999999999491,-0.12000000000000455,Low
78,35,196,125.38526,-70.61473846435547,-0.13999999999941792,-0.2400000000000091,Low
78,36,195,124.86228,-70.1377182006836,5.239999999999782,0.34000000000003183,Low
78,37,194,124.69665,-69.30335235595703,-1.2600000000002183,0.6900000000000546,Low
78,38,193,125.39844,-67.6015625,-0.47999999999956344,-1.0,Low
78,39,192,125.01377,-66.9862289428711,4.239999999999782,0.5199999999999818,Low
78,40,191,125.41172,-65.5882797241211,-5.220000000000255,-0.4800000000000182,Low
78,41,190,124.64059,-65.35941314697266,-0.9600000000000364,0.2899999999999636,Low
78,42,189,124.51866,-64.48133850097656,-2.4700000000002547,0.2899999999999636,Low
78,43,188,123.88841,-64.11158752441406,3.660000000000764,0.34000000000003183,Low
78,44,187,123.34785,-63.65215301513672,0.5999999999994543,-0.5599999999999454,Low
78,45,186,121.80506,-64.19493865966797,-3.4099999999998545,0.4199999999999591,Low
78,46,185,123.55292,-61.44708251953125,0.6899999999995998,-0.15999999999996817,Low
78,47,184,123.72959,-60.270408630371094,0.2899999999999636,-0.5299999999999727,Low
78,48,183,123.977,-59.02300262451172,0.010000000000218279,0.07999999999992724,Low
78,49,182,123.777405,-58.22259521484375,4.119999999999891,0.3000000000000682,Low
78,50,181,123.6089,-57.39109802246094,-2.089999999999236,-0.5600000000000591,Low
78,51,180,122.00778,-57.992218017578125,3.7799999999997453,0.75,Low
78,52,179,121.82045,-57.17955017089844,0.9299999999993815,-0.10000000000002274,Low
78,53,178,121.46942,-56.53057861328125,-2.5999999999994543,-0.31999999999993634,Low
78,54,177,121.60889,-55.39111328125,-7.8400000000001455,-0.12000000000000455,Low
78,55,176,122.57218,-53.427818298339844,8.029999999999745,-0.3000000000000682,Low
78,56,175,121.38131,-53.618690490722656,-1.519999999999527,0.42000000000007276,Low
78,57,174,122.42927,-51.57073211669922,1.069999999999709,0.32999999999992724,Low
78,58,173,123.40093,-49.59906768798828,4.319999999999709,-0.4399999999999409,Low
78,59,172,123.04542,-48.95458221435547,-1.7999999999992724,0.4800000000000182,Low
78,60,171,122.536644,-48.463356018066406,-6.3400000000001455,-0.07000000000005002,Low
78,61,170,123.05845,-46.941551208496094,4.149999999999636,-0.4800000000000182,Low
78,62,169,123.44876,-45.551239013671875,-13.11999999999989,0.22000000000002728,Low
78,63,168,123.724655,-44.27534484863281,7.539999999999964,-0.25,Low
78,64,167,124.26811,-42.73188781738281,5.390000000000327,0.3300000000000409,Low
78,65,166,124.29374,-41.706260681152344,-4.869999999999891,0.39999999999997726,Low
78,66,165,124.310165,-40.68983459472656,0.6700000000000728,-0.7999999999999545,Low
78,67,164,124.3512,-39.6488037109375,2.3099999999994907,0.40999999999996817,Low
78,68,163,125.920616,-37.079383850097656,-1.3900000000003274,0.07999999999992724,Low
78,69,162,125.75513,-36.244873046875,0.6200000000008004,-0.37000000000000455,Low
78,70,161,125.98827,-35.01172637939453,0.819999999999709,0.2400000000000091,Low
78,71,160,125.20933,-34.790672302246094,4.180000000000291,0.05000000000006821,Low
78,72,159,125.080864,-33.91913604736328,-4.640000000000327,0.12000000000000455,Low
78,73,158,124.45144,-33.548561096191406,0.3100000000004002,0.18999999999994088,Low
78,74,157,124.30283,-32.697166442871094,1.9399999999995998,0.38999999999998636,Low
78,75,156,123.91291,-32.08708953857422,-2.75,-0.7400000000000091,Low
78,76,155,124.21563,-30.78437042236328,-0.23000000000047294,-0.11999999999989086,Low
78,77,154,123.84755,-30.152450561523438,3.350000000000364,0.2199999999999136,Low
78,78,153,122.5684,-30.431602478027344,-1.0299999999997453,0.6499999999999773,Low
78,79,152,121.42265,-30.577346801757812,-2.9200000000000728,-0.37999999999999545,Low
78,80,151,121.18939,-29.81060791015625,3.819999999999709,-0.5699999999999363,Low
78,81,150,121.999985,-28.000015258789062,-6.489999999999782,-0.34000000000003183,Low
78,82,149,124.177734,-24.822265625,13.180000000000291,0.7100000000000364,Low
78,83,148,122.40812,-25.591880798339844,-11.260000000000218,-0.11000000000001364,Low
78,84,147,122.49116,-24.50884246826172,-0.3500000000003638,-0.029999999999972715,Low
78,85,146,121.94307,-24.056930541992188,1.980000000000473,-0.11000000000001364,Low
78,86,145,123.03305,-21.966949462890625,-1.6599999999998545,0.7400000000000091,Low
78,87,144,122.525635,-21.474365234375,2.2299999999995634,-0.35000000000002274,Low
78,88,143,123.38749,-19.612510681152344,1.0600000000004002,0.2300000000000182,Low
78,89,142,120.20197,-21.79802703857422,0.049999999999272404,-0.6700000000000728,Low
78,90,141,121.47859,-19.521408081054688,-10.029999999999745,0.5600000000000591,Low
78,91,140,122.603004,-17.396995544433594,8.100000000000364,-0.7300000000000182,Low
78,92,139,122.79523,-16.20477294921875,4.519999999999527,0.6100000000000136,Low
78,93,138,122.72646,-15.273536682128906,-7.550000000000182,-0.5600000000000591,Low
78,94,137,121.833885,-15.166114807128906,-1.7799999999997453,0.4800000000000182,Low
78,95,136,122.1708,-13.829200744628906,2.6400000000003274,-0.1999999999999318,Low
78,96,135,116.992,-18.00800323486328,6.309999999999491,-0.13999999999998636,Low
78,97,134,118.746895,-15.253105163574219,-0.9200000000000728,0.5499999999999545,Low
78,98,133,117.79121,-15.208793640136719,1.9700000000002547,-0.30999999999994543,Low
78,99,132,118.94293,-13.05706787109375,-2.819999999999709,-0.40000000000009095,Low
78,100,131,114.202866,-16.797134399414062,6.329999999999927,-0.2899999999999636,Low
78,101,130,112.27202,-17.727981567382812,-7.279999999999745,1.1900000000000546,Low
78,102,129,113.678764,-15.321235656738281,-2.4700000000002547,-0.35000000000002274,Low
78,103,128,112.11668,-15.883323669433594,1.9099999999998545,0.36000000000001364,Low
78,104,127,113.43422,-13.565780639648438,-0.22000000000025466,-0.9800000000000182,Low
78,105,126,112.313515,-13.686485290527344,5.329999999999927,0.9399999999999409,Low
78,106,125,114.36767,-10.632331848144531,-9.36999999999989,-0.2599999999999909,Low
78,107,124,115.70926,-8.290740966796875,6.690000000000509,-0.6999999999999318,Low
78,108,123,116.11066,-6.88934326171875,-2.4899999999997817,0.1999999999999318,Low
78,109,122,116.04659,-5.953407287597656,3.7399999999997817,0.009999999999990905,Low
78,110,121,116.28149,-4.718513488769531,-1.5900000000001455,0.5,Low
78,111,120,115.52434,-4.4756622314453125,2.619999999999891,-0.37000000000000455,Low
78,112,119,113.592155,-5.407844543457031,-3.2200000000002547,0.5400000000000773,Low
78,113,118,113.81374,-4.186256408691406,3.5600000000004,0.2899999999999636,Low
78,114,117,115.0396,-1.9604034423828125,-5.680000000000291,-0.2899999999999636,Low
78,115,116,114.83899,-1.1610107421875,4.489999999999782,-0.15000000000009095,Low
78,116,115,112.390816,-2.6091842651367188,-8.55999999999949,-0.37000000000000455,Low
78,117,114,116.436356,2.4363555908203125,4.390000000000327,-0.25,Low
78,118,113,113.743355,0.7433547973632812,-3.0200000000004366,0.4700000000000273,Low
78,119,112,116.010445,4.010444641113281,3.300000000000182,0.3000000000000682,Low
78,120,111,116.247086,5.2470855712890625,5.889999999999418,-0.41000000000008185,Low
78,121,110,112.882065,2.8820648193359375,-1.8799999999991996,0.18000000000006366,Low
78,122,109,109.73811,0.7381134033203125,1.3499999999994543,-0.04000000000007731,Low
78,123,108,109.94611,1.9461135864257812,-0.8699999999998909,-0.2199999999999136,Low
78,124,107,112.468864,5.468864440917969,5.470000000000255,0.13999999999998636,Low
78,125,106,111.10037,5.100372314453125,-3.6400000000003274,0.22000000000002728,Low
78,126,105,110.16124,5.1612396240234375,-7.569999999999709,0.05999999999994543,Low
78,127,104,110.905914,6.905914306640625,-0.2600000000002183,0.2300000000000182,Low
78,128,103,108.71335,5.713348388671875,5.180000000000291,-0.6699999999999591,Low
78,129,102,106.99205,4.9920501708984375,-6.0600000000004,-0.09000000000003183,Low
78,130,101,107.05345,6.0534515380859375,1.6400000000003274,0.4499999999999318,Low
78,131,100,110.00814,10.008140563964844,0.0,-0.2899999999999636,Low
78,132,99,109.56543,10.5654296875,4.449999999999818,0.36000000000001364,Low
78,133,98,109.1682,11.168197631835938,-5.649999999999636,-0.35000000000002274,Low
78,134,97,111.772896,14.772895812988281,3.25,0.2599999999999909,Low
78,135,96,112.74573,16.7457275390625,5.380000000000109,-0.12000000000000455,Low
78,136,95,115.223465,20.223464965820312,-5.130000000000109,0.38999999999998636,Low
78,137,94,112.68346,18.683456420898438,3.8299999999999272,-0.4799999999999045,Low
78,138,93,112.461105,19.461105346679688,4.229999999999563,0.13999999999998636,Low
78,139,92,110.88856,18.88855743408203,-7.559999999999491,0.11000000000001364,Low
78,140,91,106.40944,15.409439086914062,6.029999999999745,-0.06000000000005912,Low
78,141,90,103.102715,13.102714538574219,-6.520000000000437,-0.12999999999999545,Low
78,142,89,108.69185,19.691848754882812,2.6500000000005457,0.22000000000002728,Low
78,143,88,109.41118,21.411178588867188,3.5999999999994543,-0.19000000000005457,Low
78,144,87,105.17107,18.171066284179688,-4.199999999999818,0.6100000000000136,Low
78,145,86,107.43153,21.431533813476562,-1.069999999999709,-0.6000000000000227,Low
78,146,85,108.526115,23.52611541748047,0.6099999999996726,-0.009999999999990905,Low
78,147,84,107.33525,23.335250854492188,3.980000000000473,-0.12999999999999545,Low
78,148,83,111.08618,28.086181640625,-2.9200000000000728,0.44000000000005457,Low
78,149,82,110.876175,28.876174926757812,-4.130000000000109,0.22000000000002728,Low
78,150,81,110.999626,29.99962615966797,-0.42000000000007276,-0.6200000000000045,Low
78,151,80,113.11547,33.11547088623047,1.0200000000004366,0.12000000000000455,Low
78,152,79,112.482925,33.48292541503906,4.259999999999309,-0.2800000000000864,Low
78,153,78,111.59546,33.595458984375,-0.569999999999709,0.37000000000000455,Low
78,154,77,112.17047,35.17047119140625,-2.5200000000004366,0.06000000000005912,Low
78,155,76,106.0447,30.044700622558594,-2.0799999999999272,0.05999999999994543,Low
78,156,75,113.753586,38.75358581542969,0.16000000000076398,0.009999999999990905,Low
78,157,74,115.358215,41.35821533203125,2.4299999999993815,0.10000000000002274,Low
78,158,73,115.13619,42.136192321777344,0.4099999999998545,-0.30999999999994543,Low
78,159,72,107.70403,35.70403289794922,2.619999999999891,0.4799999999999045,Low
78,160,71,109.07084,38.070838928222656,-3.8599999999996726,0.05000000000006821,Low
78,161,70,107.39593,37.39592742919922,0.3500000000003638,-0.5900000000000318,Low
78,162,69,110.10399,41.10398864746094,2.9099999999998545,-0.39999999999997726,Low
78,163,68,107.12622,39.126220703125,2.6099999999996726,0.7300000000000182,Low
78,164,67,102.98532,35.985321044921875,-2.719999999999345,-0.32000000000005,Low
78,165,66,106.915634,40.91563415527344,-0.33000000000083674,0.4900000000000091,Low
78,166,65,106.97316,41.97315979003906,-1.4899999999997817,0.12000000000000455,Low
78,167,64,100.87644,36.876441955566406,3.199999999999818,-0.15999999999996817,Low
78,168,63,98.353294,35.353294372558594,-6.299999999999272,-0.5600000000000591,Low
78,169,62,100.83119,38.83119201660156,6.599999999999454,0.22000000000002728,Low
78,170,61,93.18237,32.182373046875,-1.4700000000002547,0.11000000000001364,Low
78,171,60,95.470505,35.47050476074219,-0.3499999999994543,0.2599999999999909,Low
78,172,59,84.60706,25.60706329345703,9.829999999999927,-0.2300000000000182,Low
78,173,58,87.16815,29.16815185546875,-6.9399999999996,-0.4199999999999591,Low
78,174,57,86.964554,29.964553833007812,-3.610000000000582,0.6299999999999955,Low
78,175,56,75.36813,19.368133544921875,2.860000000000582,0.22000000000002728,Medium
78,176,55,73.04029,18.04029083251953,4.199999999999818,-0.5199999999999818,Medium
78,177,54,74.07526,20.07525634765625,-4.240000000000691,0.07999999999992724,Medium
78,178,53,71.88741,18.887413024902344,-1.5999999999994543,0.18000000000006366,Medium
78,179,52,73.326126,21.326126098632812,-3.7100000000000364,0.5199999999999818,Medium
78,180,51,68.95121,17.951210021972656,8.460000000000036,-0.4700000000000273,Medium
78,181,50,59.3334,9.33340072631836,-3.7799999999997453,0.049999999999954525,Medium
78,182,49,72.37996,23.379959106445312,-2.6200000000008004,0.3300000000000409,Medium
78,183,48,70.14225,22.142250061035156,1.1300000000001091,-0.16999999999995907,Medium
78,184,47,70.61232,23.612319946289062,2.100000000000364,-0.13999999999998636,Medium
78,185,46,72.505104,26.505104064941406,-1.2700000000004366,-0.21000000000003638,Medium
78,186,45,66.35073,21.350730895996094,-1.1599999999998545,0.22000000000002728,Medium
78,187,44,65.139404,21.139404296875,2.180000000000291,-0.3300000000000409,Medium
78,188,43,65.193756,22.193756103515625,4.949999999999818,0.2599999999999909,Medium
78,189,42,70.96538,28.965377807617188,-5.599999999999454,-0.13999999999998636,Medium
78,190,41,71.61556,30.615562438964844,3.339999999999236,0.34000000000003183,Medium
78,191,40,70.350136,30.350135803222656,0.7000000000007276,-0.07000000000005002,Medium
78,192,39,67.441315,28.441314697265625,-0.6500000000005457,0.2599999999999909,Medium
78,193,38,67.45314,29.453140258789062,0.3500000000003638,-0.37999999999999545,Medium
78,194,37,68.110306,31.110305786132812,-1.6300000000001091,0.20000000000004547,Medium
78,195,36,67.21918,31.21917724609375,3.9600000000000364,-0.18000000000006366,Medium
78,196,35,71.05901,36.05901336669922,3.1899999999996,0.04000000000007731,Medium
78,197,34,66.11655,32.116546630859375,-3.3499999999994543,0.17999999999994998,Medium
78,198,33,66.16074,33.160743713378906,-2.2200000000002547,0.37000000000000455,Medium
78,199,32,58.671684,26.67168426513672,4.619999999999891,-0.4399999999999409,Medium
78,200,31,51.540783,20.540782928466797,2.369999999999891,0.15999999999996817,Medium
78,201,30,49.7885,19.788501739501953,-8.25,-0.6100000000000136,Medium
78,202,29,45.901474,16.901473999023438,2.5399999999999636,-0.08000000000004093,Medium
78,203,28,50.606945,22.606945037841797,1.5600000000004002,0.8500000000000227,Medium
78,204,27,48.089973,21.08997344970703,5.239999999999782,-0.2400000000000091,Medium
78,205,26,50.044346,24.04434585571289,-7.470000000000255,-0.07999999999992724,Medium
78,206,25,43.44616,18.44615936279297,4.350000000000364,0.4199999999999591,Medium
78,207,24,42.83679,18.836788177490234,0.23999999999978172,0.22000000000002728,Medium
78,208,23,42.903263,19.903263092041016,-2.5599999999994907,-0.7100000000000364,Medium
78,209,22,40.62594,18.625938415527344,3.2299999999995634,0.9900000000000091,Medium
78,210,21,33.137352,12.137351989746094,-0.75,-0.7100000000000364,Medium
78,211,20,30.541702,10.541702270507812,-1.7899999999999636,-0.16999999999995907,Medium
78,212,19,25.36899,6.368989944458008,-0.38000000000010914,0.6699999999999591,High
78,213,18,25.98162,7.981620788574219,3.4000000000005457,-0.8999999999999773,High
78,214,17,28.01015,11.010150909423828,-3.8200000000006185,0.37999999999999545,High
78,215,16,24.349178,8.349178314208984,-0.3899999999994179,0.08000000000004093,High
78,216,15,18.319738,3.3197383880615234,4.949999999999818,-0.18000000000006366,High
78,217,14,17.94187,3.9418697357177734,-2.8100000000004,0.4800000000000182,High
78,218,13,15.592607,2.592606544494629,5.039999999999964,-0.05999999999994543,High
78,219,12,13.789246,1.78924560546875,1.6300000000001091,0.2299999999999045,High
78,220,11,15.029066,4.02906608581543,0.23000000000047294,-0.2899999999999636,High
78,221,10,15.023003,5.023002624511719,-4.190000000000509,0.18000000000006366,High
78,222,9,16.692913,7.692913055419922,5.170000000000073,0.06999999999993634,High
78,223,8,12.499351,4.499350547790527,2.5299999999997453,-0.34000000000003183,High
78,224,7,12.861561,5.861560821533203,0.12000000000080036,0.6200000000000045,High
78,225,6,9.893919,3.893918991088867,-2.4200000000000728,0.07000000000005002,High
78,226,5,7.9158564,2.91585636138916,0.47999999999956344,-0.37999999999999545,High
78,227,4,7.859607,3.859607219696045,-1.6499999999996362,0.1999999999999318,High
78,228,3,7.893992,4.893991947174072,-0.8100000000004002,0.06000000000005912,High
78,229,2,6.8087335,4.8087334632873535,-0.9600000000000364,-0.4199999999999591,High
78,230,1,8.380239,7.3802385330200195,1.730000000000473,-0.25,High
78,231,0,6.633924,6.6339240074157715,-0.8800000000001091,0.029999999999972715,High
81,1,239,119.93453,-119.06546783447266,0.0,0.0,Low
81,2,238,114.6697,-123.3302993774414,5.5900000000001455,0.6100000000000136,Low
81,3,237,109.51899,-127.48101043701172,-0.6199999999998909,-0.10000000000002274,Low
81,4,236,104.95577,-131.04422760009766,4.369999999999891,-0.13999999999998636,Low
81,5,235,105.23655,-129.7634506225586,-4.9099999999998545,1.0,Low
81,6,234,115.66246,-118.33753967285156,3.7100000000000364,-0.6599999999999682,Low
81,7,233,116.192184,-116.80781555175781,-7.520000000000437,-0.25,Low
81,8,232,116.85191,-115.14808654785156,5.710000000000036,-0.15999999999996817,Low
81,9,231,114.50425,-116.4957504272461,5.5700000000006185,0.4199999999999591,Low
81,10,230,117.11868,-112.88131713867188,-8.020000000000437,-0.7799999999999727,Low
81,11,229,116.76341,-112.23658752441406,0.6400000000003274,0.5299999999999727,Low
81,12,228,113.88463,-114.11537170410156,-5.8100000000004,0.34000000000003183,Low
81,13,227,111.0123,-115.98770141601562,9.140000000000327,-0.32000000000005,Low
81,14,226,110.89693,-115.10307312011719,-3.930000000000291,-0.8299999999999272,Low
81,15,225,111.288956,-113.71104431152344,5.0,0.8999999999999773,Low
81,16,224,108.06194,-115.93805694580078,-2.550000000000182,0.049999999999954525,Low
81,17,223,112.74797,-110.25202941894531,-0.42999999999938154,-0.2300000000000182,Low
81,18,222,112.276794,-109.72320556640625,-4.699999999999818,0.5,Low
81,19,221,113.059875,-107.94012451171875,6.009999999999309,-0.6399999999999864,Low
81,20,220,116.27315,-103.72685241699219,-3.0399999999999636,0.3300000000000409,Low
81,21,219,119.44464,-99.55535888671875,2.860000000000582,0.15999999999996817,Low
81,22,218,120.58397,-97.41603088378906,-1.8299999999999272,-0.37999999999999545,Low
81,23,217,120.79591,-96.20408630371094,0.9799999999995634,0.6000000000000227,Low
81,24,216,121.44471,-94.55529022216797,-5.239999999999782,-0.9199999999999591,Low
81,25,215,118.72924,-96.27075958251953,3.9399999999996,0.5399999999999636,Low
81,26,214,116.705414,-97.29458618164062,-1.4299999999993815,-0.4500000000000455,Low
81,27,213,115.90746,-97.09253692626953,-0.0500000000001819,0.34000000000003183,Low
81,28,212,116.16813,-95.83187103271484,5.899999999999636,0.029999999999972715,Low
81,29,211,114.25987,-96.74012756347656,-4.489999999999782,-0.12000000000000455,Low
81,30,210,112.31836,-97.681640625,4.399999999999636,0.3300000000000409,Low
81,31,209,110.50896,-98.49104309082031,-4.119999999999891,-0.2300000000000182,Low
81,32,208,113.17226,-94.82774353027344,3.610000000000582,0.22000000000002728,Low
81,33,207,116.64512,-90.3548812866211,-2.9200000000000728,-0.3100000000000591,Low
81,34,206,115.26221,-90.73779296875,1.3699999999998909,0.09000000000003183,Low
81,35,205,115.60714,-89.39286041259766,-3.7600000000002183,0.5099999999999909,Low
81,36,204,109.3184,-94.68160247802734,2.5799999999999272,-0.8099999999999454,Low
81,37,203,111.2164,-91.78359985351562,-1.680000000000291,0.049999999999954525,Low
81,38,202,111.56763,-90.432373046875,8.100000000000364,-0.05999999999994543,Low
81,39,201,113.421036,-87.57896423339844,-7.75,0.5299999999999727,Low
81,40,200,112.93155,-87.06845092773438,4.710000000000036,-0.6100000000000136,Low
81,41,199,114.8359,-84.16410064697266,0.3900000000003274,0.6100000000000136,Low
81,42,198,111.432846,-86.56715393066406,-2.0800000000008367,0.049999999999954525,Low
81,43,197,110.27952,-86.7204818725586,-3.6799999999993815,-0.35000000000002274,Low
81,44,196,112.39237,-83.60762786865234,-3.980000000000473,0.18000000000006366,Low
81,45,195,112.949844,-82.05015563964844,5.720000000000255,0.4900000000000091,Low
81,46,194,111.41503,-82.58496856689453,0.9800000000004729,-0.5,Low
81,47,193,113.16009,-79.83991241455078,0.2899999999999636,-0.20000000000004547,Low
81,48,192,114.335846,-77.66415405273438,-2.5,-0.09000000000003183,Low
81,49,191,110.609505,-80.39049530029297,0.9699999999993452,-0.029999999999972715,Low
81,50,190,110.47958,-79.52041625976562,4.770000000000437,-0.4900000000000091,Low
81,51,189,110.22004,-78.77996063232422,-10.0600000000004,0.4800000000000182,Low
81,52,188,114.12612,-73.8738784790039,1.6000000000003638,-0.2699999999999818,Low
81,53,187,114.37723,-72.62277221679688,1.9399999999995998,0.5,Low
81,54,186,115.62706,-70.37294006347656,2.2100000000000364,-0.6000000000000227,Low
81,55,185,115.7643,-69.23570251464844,-0.3400000000001455,0.9900000000000091,Low
81,56,184,116.36252,-67.63748168945312,1.0300000000006548,0.03999999999996362,Low
81,57,183,114.01561,-68.98439025878906,3.4200000000000728,-0.67999999999995,Low
81,58,182,117.40512,-64.59487915039062,1.139999999999418,0.14999999999997726,Low
81,59,181,111.01439,-69.98561096191406,-14.88000000000011,0.2900000000000773,Low
81,60,180,117.99252,-62.007476806640625,8.990000000000691,0.08999999999991815,Low
81,61,179,114.67424,-64.32575988769531,1.8799999999991996,-0.13999999999998636,Low
81,62,178,108.68579,-69.314208984375,-2.3099999999994907,-0.2899999999999636,Low
81,63,177,105.60884,-71.39115905761719,0.8400000000001455,0.5099999999999909,Low
81,64,176,101.53073,-74.46926879882812,-4.230000000000473,-0.08000000000004093,Low
81,65,175,101.350945,-73.64905548095703,1.4000000000005457,-0.7999999999999545,Low
81,66,174,110.36213,-63.63787078857422,-3.110000000000582,0.4900000000000091,Low
81,67,173,111.9068,-61.09320068359375,8.159999999999854,0.33999999999991815,Low
81,68,172,110.983154,-61.016845703125,-0.5799999999999272,-0.4599999999999227,Low
81,69,171,114.17756,-56.82244110107422,-4.849999999999454,0.4900000000000091,Low
81,70,170,110.26008,-59.73992156982422,-0.6000000000003638,-0.44000000000005457,Low
81,71,169,110.62029,-58.37970733642578,-0.8999999999996362,-0.07999999999992724,Low
81,72,168,112.217476,-55.78252410888672,5.819999999999709,0.6599999999999682,Low
81,73,167,107.869514,-59.13048553466797,-2.5,-0.5299999999999727,Low
81,74,166,107.94815,-58.051849365234375,2.7100000000000364,-0.17000000000007276,Low
81,75,165,108.57516,-56.424842834472656,-2.7399999999997817,-0.11000000000001364,Low
81,76,164,99.67352,-64.32647705078125,-2.360000000000582,0.2599999999999909,Low
81,77,163,100.69753,-62.302467346191406,2.4200000000000728,0.37000000000000455,Low
81,78,162,103.05521,-58.944793701171875,-3.0299999999997453,-0.13999999999998636,Low
81,79,161,101.137436,-59.86256408691406,5.5600000000004,-0.03999999999996362,Low
81,80,160,100.11585,-59.88414764404297,-4.030000000000655,0.07000000000005002,Low
81,81,159,103.9996,-55.000396728515625,7.829999999999927,-0.12000000000000455,Low
81,82,158,109.540924,-48.459075927734375,-4.199999999999818,0.40999999999996817,Low
81,83,157,105.36611,-51.633888244628906,-1.9099999999998545,-0.7000000000000455,Low
81,84,156,101.33956,-54.660438537597656,-2.699999999999818,0.7400000000000091,Low
81,85,155,98.72268,-56.277320861816406,5.649999999999636,-0.5199999999999818,Low
81,86,154,101.12814,-52.871856689453125,1.5600000000004002,0.15999999999996817,Low
81,87,153,99.463715,-53.536285400390625,-7.230000000000473,-0.10000000000002274,Low
81,88,152,105.24467,-46.755332946777344,-4.710000000000036,0.07000000000005002,Low
81,89,151,103.4637,-47.53630065917969,8.860000000000582,0.4500000000000455,Low
81,90,150,106.372215,-43.627784729003906,-3.8299999999999272,-0.20000000000004547,Low
81,91,149,106.473335,-42.52666473388672,1.0,-0.22000000000002728,Low
81,92,148,105.322685,-42.67731475830078,-1.2200000000002547,-0.05999999999994543,Low
81,93,147,108.83839,-38.16161346435547,3.399999999999636,0.049999999999954525,Low
81,94,146,106.8947,-39.10530090332031,0.5100000000002183,-0.7099999999999227,Low
81,95,145,108.28153,-36.718467712402344,-1.319999999999709,0.7899999999999636,Low
81,96,144,108.20567,-35.79432678222656,3.5900000000001455,0.6499999999999773,Low
81,97,143,108.3865,-34.613502502441406,3.6899999999996,-0.4399999999999409,Low
81,98,142,107.6987,-34.301300048828125,-5.3400000000001455,-0.010000000000104592,Low
81,99,141,104.23447,-36.765533447265625,-0.38000000000010914,-0.8199999999999363,Low
81,100,140,107.3578,-32.64219665527344,2.410000000000764,0.5,Low
81,101,139,106.72344,-32.27655792236328,-1.3900000000003274,0.21000000000003638,Low
81,102,138,100.961716,-37.03828430175781,0.1999999999998181,-0.2900000000000773,Low
81,103,137,100.52243,-36.477569580078125,-10.519999999999527,-0.31999999999993634,Low
81,104,136,100.66977,-35.330230712890625,5.339999999999236,0.4199999999999591,Low
81,105,135,99.92926,-35.07073974609375,2.7200000000002547,-0.5599999999999454,Low
81,106,134,103.08333,-30.916671752929688,-3.6599999999998545,0.5799999999999272,Low
81,107,133,101.57823,-31.421768188476562,2.7899999999999636,-0.12999999999999545,Low
81,108,132,105.01509,-26.984909057617188,-0.7399999999997817,0.0,Low
81,109,131,98.38762,-32.61238098144531,5.789999999999964,-0.6399999999999864,Low
81,110,130,97.226654,-32.773345947265625,-2.7899999999999636,0.7100000000000364,Low
81,111,129,100.49767,-28.50232696533203,-3.980000000000473,0.009999999999990905,Low
81,112,128,97.21364,-30.786361694335938,7.280000000000655,0.049999999999954525,Low
81,113,127,101.218445,-25.78155517578125,-4.990000000000691,-0.01999999999998181,Low
81,114,126,105.84635,-20.153648376464844,1.8699999999998909,-0.12999999999999545,Low
81,115,125,100.4036,-24.596397399902344,0.9200000000000728,0.8700000000000045,Low
81,116,124,105.363304,-18.636695861816406,-3.3799999999991996,-1.75,Low
81,117,123,95.48655,-27.513450622558594,4.25,1.2300000000000182,Low
81,118,122,97.90492,-24.095077514648438,4.509999999999309,-0.6800000000000637,Low
81,119,121,96.491554,-24.508445739746094,-5.1899999999996,0.10000000000002274,Low
81,120,120,98.352264,-21.647735595703125,0.25,0.9099999999999682,Low
81,121,119,96.61082,-22.389183044433594,-3.3100000000004,-0.5399999999999636,Low
81,122,118,95.216064,-22.783935546875,3.0,0.14999999999997726,Low
81,123,117,88.37692,-28.623077392578125,-1.2299999999995634,-0.4699999999999136,Low
81,124,116,84.49315,-31.506851196289062,-4.6599999999998545,0.2999999999999545,Low
81,125,115,87.77886,-27.22113800048828,-0.42000000000007276,0.5299999999999727,Low
81,126,114,82.903206,-31.09679412841797,7.6799999999993815,-0.75,Low
81,127,113,87.92717,-25.072830200195312,-6.6899999999996,0.37999999999999545,Low
81,128,112,86.41901,-25.58099365234375,6.800000000000182,-0.31999999999993634,Low
81,129,111,85.83256,-25.167442321777344,-4.5700000000006185,0.09999999999990905,Low
81,130,110,79.33038,-30.66961669921875,2.5600000000004,-0.4899999999998954,Medium
81,131,109,80.89548,-28.104522705078125,-0.6000000000003638,0.6699999999999591,Low
81,132,108,90.06655,-17.933448791503906,-6.210000000000036,-0.20000000000004547,Low
81,133,107,87.14338,-19.85662078857422,6.170000000000073,0.009999999999990905,Low
81,134,106,83.82757,-22.17243194580078,4.550000000000182,0.07000000000005002,Low
81,135,105,79.60174,-25.39826202392578,0.6500000000005457,-0.01999999999998181,Medium
81,136,104,86.0234,-17.976600646972656,-10.740000000000691,0.12999999999999545,Low
81,137,103,95.933,-7.0670013427734375,6.3100000000004,0.5099999999999909,Low
81,138,102,92.75252,-9.247482299804688,-3.4700000000002547,-0.7599999999999909,Low
81,139,101,98.900276,-2.0997238159179688,7.010000000000218,-0.11000000000001364,Low
81,140,100,94.11169,-5.888313293457031,-6.75,0.3300000000000409,Low
81,141,99,96.5951,-2.4048995971679688,-2.0399999999999636,-0.15000000000009095,Low
81,142,98,99.29259,1.2925872802734375,3.880000000000109,0.7700000000000955,Low
81,143,97,91.98557,-5.014427185058594,1.2199999999993452,-0.4900000000000091,Low
81,144,96,96.58652,0.586517333984375,2.680000000000291,0.12999999999999545,Low
81,145,95,95.70682,0.706817626953125,0.7700000000004366,0.18999999999994088,Low
81,146,94,101.99752,7.997520446777344,-7.5700000000006185,-0.2599999999999909,Low
81,147,93,94.72122,1.721221923828125,0.8000000000001819,-0.009999999999990905,Low
81,148,92,87.80539,-4.194610595703125,0.3100000000004002,-0.05999999999994543,Low
81,149,91,82.871216,-8.1287841796875,-2.380000000000109,-0.05000000000006821,Low
81,150,90,96.14779,6.147789001464844,-0.5500000000001819,0.01999999999998181,Low
81,151,89,94.293884,5.29388427734375,0.9899999999997817,0.17000000000007276,Low
81,152,88,104.86597,16.865966796875,0.4499999999998181,-0.7200000000000273,Low
81,153,87,104.26529,17.265289306640625,0.28000000000065484,0.5099999999999909,Low
81,154,86,103.59946,17.599456787109375,-0.4000000000005457,0.22000000000002728,Low
81,155,85,99.80595,14.805946350097656,2.7200000000002547,-0.32000000000005,Low
81,156,84,96.08794,12.087936401367188,0.6599999999998545,-0.5699999999999363,Low
81,157,83,90.17324,7.173240661621094,0.3000000000001819,0.9399999999999409,Low
81,158,82,89.61411,7.614112854003906,3.569999999999709,-0.05999999999994543,Low
81,159,81,81.51132,0.511322021484375,-6.019999999999527,-0.01999999999998181,Low
81,160,80,84.74778,4.747779846191406,4.389999999999418,-0.34000000000003183,Low
81,161,79,75.58011,-3.419891357421875,-4.069999999999709,0.2799999999999727,Medium
81,162,78,86.68364,8.683639526367188,-3.8400000000001455,-0.15999999999996817,Low
81,163,77,88.8901,11.890098571777344,3.5900000000001455,0.31999999999993634,Low
81,164,76,75.01734,-0.9826583862304688,0.27000000000043656,-0.37000000000000455,Medium
81,165,75,74.90361,-0.0963897705078125,2.7299999999995634,0.7200000000000273,Medium
81,166,74,76.46334,2.4633407592773438,-5.779999999999745,-0.4600000000000364,Medium
81,167,73,79.75882,6.758819580078125,2.5,-0.06999999999993634,Medium
81,168,72,71.70907,-0.29093170166015625,-0.1500000000005457,0.5199999999999818,Medium
81,169,71,79.79438,8.794380187988281,1.660000000000764,-0.2799999999999727,Medium
81,170,70,70.5898,0.5897979736328125,1.7999999999992724,-0.3300000000000409,Medium
81,171,69,75.00644,6.006439208984375,-1.5,0.44000000000005457,Medium
81,172,68,64.05742,-3.9425811767578125,-4.6799999999993815,-0.16000000000008185,Medium
81,173,67,69.52381,2.5238113403320312,7.719999999999345,-0.08999999999991815,Medium
81,174,66,82.53668,16.53668212890625,-4.809999999999491,0.16999999999995907,Low
81,175,65,58.657288,-6.34271240234375,-4.489999999999782,-0.20000000000004547,Medium
81,176,64,52.854107,-11.145893096923828,10.75,0.16000000000008185,Medium
81,177,63,64.012985,1.0129852294921875,-5.510000000000218,0.11000000000001364,Medium
81,178,62,55.220806,-6.779193878173828,1.1899999999995998,-0.4900000000000091,Medium
81,179,61,55.68851,-5.311489105224609,-1.5399999999999636,0.06999999999993634,Medium
81,180,60,58.412876,-1.5871238708496094,1.5799999999999272,0.4600000000000364,Medium
81,181,59,51.0522,-7.9477996826171875,-3.9399999999996,-0.12000000000000455,Medium
81,182,58,53.651825,-4.348175048828125,3.050000000000182,-0.01999999999998181,Medium
81,183,57,51.588055,-5.411945343017578,-6.100000000000364,-0.3000000000000682,Medium
81,184,56,49.236378,-6.763622283935547,5.210000000000036,0.40000000000009095,Medium
81,185,55,46.031136,-8.968864440917969,-0.5500000000001819,0.40999999999996817,Medium
81,186,54,47.924946,-6.075054168701172,3.430000000000291,-0.6800000000000637,Medium
81,187,53,45.81902,-7.180980682373047,-3.3100000000004,0.34000000000003183,Medium
81,188,52,41.939377,-10.060623168945312,0.03999999999996362,-0.36000000000001364,Medium
81,189,51,44.553036,-6.446964263916016,-1.069999999999709,0.21000000000003638,Medium
81,190,50,49.31361,-0.6863899230957031,-2.4600000000000364,0.05999999999994543,Medium
81,191,49,52.636864,3.6368637084960938,3.610000000000582,0.09000000000003183,Medium
81,192,48,53.390007,5.390007019042969,-7.410000000000764,-0.4199999999999591,Medium
81,193,47,49.237297,2.2372970581054688,9.050000000000182,-0.10000000000002274,Medium
81,194,46,51.09594,5.095939636230469,-0.9299999999993815,0.4800000000000182,Medium
81,195,45,35.965416,-9.034584045410156,1.7999999999992724,-0.06000000000005912,Medium
81,196,44,32.503906,-11.49609375,-2.2100000000000364,0.04000000000007731,Medium
81,197,43,30.200628,-12.799371719360352,-0.9399999999995998,0.38999999999998636,Medium
81,198,42,26.808062,-15.191938400268555,-5.6599999999998545,-0.2400000000000091,High
81,199,41,32.60478,-8.395221710205078,8.9399999999996,-0.35000000000002274,Medium
81,200,40,35.218063,-4.7819366455078125,-7.1799999999993815,-0.03999999999996362,Medium
81,201,39,34.461,-4.53900146484375,6.349999999999454,0.25,Medium
81,202,38,33.49455,-4.505451202392578,-2.25,-0.14999999999997726,Medium
81,203,37,30.740356,-6.2596435546875,5.050000000000182,0.5899999999999181,Medium
81,204,36,23.640173,-12.359827041625977,-9.529999999999745,-0.6899999999999409,High
81,205,35,28.11193,-6.888069152832031,0.049999999999272404,0.049999999999954525,High
81,206,34,29.53172,-4.468280792236328,2.75,0.38999999999998636,High
81,207,33,29.52211,-3.4778900146484375,0.010000000000218279,0.17000000000007276,High
81,208,32,30.932968,-1.0670318603515625,1.6000000000003638,-0.5900000000000318,Medium
81,209,31,29.958618,-1.0413818359375,3.0,0.67999999999995,High
81,210,30,29.597229,-0.40277099609375,-0.14000000000032742,-1.0599999999999454,High
81,211,29,28.987686,-0.0123138427734375,-7.109999999999673,1.3999999999999773,High
81,212,28,23.440905,-4.55909538269043,3.7200000000002547,-0.7200000000000273,High
81,213,27,24.363426,-2.6365737915039062,0.9199999999991633,0.12000000000000455,High
81,214,26,24.402071,-1.5979290008544922,-3.649999999999636,-0.13999999999998636,High
81,215,25,24.80272,-0.1972808837890625,1.430000000000291,0.2699999999999818,High
81,216,24,17.954151,-6.045848846435547,-5.0700000000006185,-0.07999999999992724,High
81,217,23,16.386175,-6.613824844360352,3.25,-0.2599999999999909,High
81,218,22,14.5498295,-7.450170516967773,0.8200000000006185,0.34999999999990905,High
81,219,21,12.280845,-8.719155311584473,2.0,0.2900000000000773,High
81,220,20,16.219742,-3.7802581787109375,-2.5799999999999272,-0.8899999999999864,High
81,221,19,17.894297,-1.105703353881836,4.029999999999745,0.6499999999999773,High
81,222,18,18.486341,0.4863414764404297,-0.15999999999985448,-0.07000000000005002,High
81,223,17,17.612444,0.6124439239501953,-1.4099999999998545,-0.4700000000000273,High
81,224,16,15.348689,-0.651310920715332,-0.2899999999999636,0.6800000000000637,High
81,225,15,16.429806,1.4298057556152344,-5.440000000000509,-0.3100000000000591,High
81,226,14,13.756005,-0.24399471282958984,-2.880000000000109,-0.17999999999994998,High
81,227,13,12.442208,-0.5577917098999023,-0.17000000000007276,0.2799999999999727,High
81,228,12,12.993784,0.9937839508056641,3.0799999999999272,-0.01999999999998181,High
81,229,11,11.154672,0.15467166900634766,-1.7100000000000364,0.12999999999999545,High
81,230,10,8.873572,-1.1264276504516602,3.1200000000008004,-0.12999999999999545,High
81,231,9,8.291814,-0.708186149597168,-3.5900000000001455,-0.37999999999999545,High
81,232,8,8.817081,0.8170814514160156,5.550000000000182,0.25,High
81,233,7,10.533078,3.533078193664551,0.13999999999941792,0.17999999999994998,High
81,234,6,8.7222185,2.7222185134887695,4.270000000000437,-0.6299999999999955,High
81,235,5,7.217854,2.2178540229797363,-5.550000000000182,1.1200000000000045,High
81,236,4,7.4198985,3.419898509979248,1.6599999999998545,-0.8599999999999,High
81,237,3,5.7667623,2.7667622566223145,-3.9099999999998545,0.75,High
81,238,2,4.918075,2.9180750846862793,4.599999999999454,-0.40000000000009095,High
81,239,1,3.6582625,2.6582624912261963,-8.209999999999127,0.3000000000000682,High
81,240,0,4.654965,4.654964923858643,2.339999999999236,0.16999999999995907,High
84,1,266,90.29869,-175.70130920410156,0.0,0.0,Low
84,2,265,103.41217,-161.58782958984375,4.149999999999636,-0.18000000000006366,Low
84,3,264,101.596855,-162.40314483642578,-5.399999999999636,-0.5099999999999909,Low
84,4,263,101.88582,-161.1141815185547,0.15999999999985448,0.2899999999999636,Low
84,5,262,106.04654,-155.95346069335938,8.170000000000073,0.2400000000000091,Low
84,6,261,110.949814,-150.05018615722656,-1.610000000000582,-0.6499999999999773,Low
84,7,260,107.73178,-152.26821899414062,-7.049999999999272,0.7799999999999727,Low
84,8,259,114.46419,-144.5358123779297,2.9299999999993815,-0.2999999999999545,Low
84,9,258,115.35965,-142.64035034179688,-1.5799999999999272,-0.6599999999999682,Low
84,10,257,111.74304,-145.2569580078125,1.6000000000003638,0.2899999999999636,Low
84,11,256,112.93281,-143.06719207763672,-0.13000000000010914,0.009999999999990905,Low
84,12,255,108.7744,-146.22560119628906,5.510000000000218,0.6700000000000728,Low
84,13,254,110.53159,-143.4684066772461,-5.460000000000036,-0.7600000000001046,Low
84,14,253,113.04233,-139.95767211914062,0.9700000000002547,0.36000000000001364,Low
84,15,252,112.77913,-139.2208709716797,-0.4600000000000364,0.650000000000091,Low
84,16,251,118.23796,-132.7620391845703,4.649999999999636,-0.7200000000000273,Low
84,17,250,119.0852,-130.91480255126953,-0.6099999999996726,-0.34000000000003183,Low
84,18,249,120.46749,-128.53250885009766,-4.140000000000327,1.1299999999999955,Low
84,19,248,118.92008,-129.07991790771484,0.819999999999709,-0.6599999999999682,Low
84,20,247,120.4909,-126.50910186767578,2.7700000000004366,-0.19000000000005457,Low
84,21,246,120.829216,-125.17078399658203,-1.1400000000003274,-0.12999999999999545,Low
84,22,245,121.98272,-123.01728057861328,-3.380000000000109,0.5199999999999818,Low
84,23,244,116.35468,-127.64531707763672,-2.1599999999998545,0.19000000000005457,Low
84,24,243,113.51804,-129.4819564819336,5.480000000000473,-0.20000000000004547,Low
84,25,242,119.9963,-122.00370025634766,0.8899999999994179,-0.25,Low
84,26,241,110.77274,-130.22725677490234,0.9000000000005457,0.9200000000000728,Low
84,27,240,109.07982,-130.92018127441406,-3.910000000000764,-1.7200000000000273,Low
84,28,239,112.401024,-126.5989761352539,-0.7899999999999636,0.7899999999999636,Low
84,29,238,116.900215,-121.09978485107422,2.530000000000655,-0.06999999999993634,Low
84,30,237,108.856255,-128.14374542236328,4.9099999999998545,-0.4900000000000091,Low
84,31,236,112.71823,-123.28176879882812,-6.3400000000001455,0.4700000000000273,Low
84,32,235,114.83981,-120.16018676757812,-2.3900000000003274,0.25,Low
84,33,234,107.96876,-126.03124237060547,-0.05999999999949068,-0.19000000000005457,Low
84,34,233,103.9471,-129.0529022216797,-0.9499999999998181,-0.25,Low
84,35,232,107.6297,-124.37030029296875,7.880000000000109,0.34000000000003183,Low
84,36,231,106.64471,-124.35529327392578,-3.7200000000002547,-0.2400000000000091,Low
84,37,230,114.480354,-115.51964569091797,0.4899999999997817,0.12999999999999545,Low
84,38,229,124.83078,-104.16921997070312,-2.7100000000000364,-0.37000000000000455,Low
84,39,228,121.16823,-106.83177185058594,-0.2600000000002183,0.14999999999997726,Low
84,40,227,121.367165,-105.6328353881836,-0.47999999999956344,0.4900000000000091,Low
84,41,226,122.24704,-103.75296020507812,3.5399999999999636,-0.36000000000001364,Low
84,42,225,119.97495,-105.0250473022461,-1.569999999999709,-0.049999999999954525,Low
84,43,224,122.0065,-101.99349975585938,-1.8700000000008004,0.2400000000000091,Low
84,44,223,114.32411,-108.67588806152344,2.0200000000004366,-0.6900000000000546,Low
84,45,222,112.75719,-109.24281311035156,1.4200000000000728,0.57000000000005,Low
84,46,221,110.892555,-110.1074447631836,2.3099999999994907,-0.05000000000006821,Low
84,47,220,109.4132,-110.58679962158203,0.030000000000654836,0.20000000000004547,Low
84,48,219,107.45519,-111.54480743408203,-5.8100000000004,0.3300000000000409,Low
84,49,218,115.97822,-102.02178192138672,3.9600000000000364,-0.5600000000000591,Low
84,50,217,104.98595,-112.01405334472656,-1.6199999999998909,0.13999999999998636,Low
84,51,216,95.58983,-120.41017150878906,-1.0200000000004366,0.22000000000002728,Low
84,52,215,105.66545,-109.33454895019531,3.4600000000000364,0.20000000000004547,Low
84,53,214,110.320206,-103.67979431152344,2.4700000000002547,-0.57000000000005,Low
84,54,213,107.03101,-105.96898651123047,-3.930000000000291,-0.75,Low
84,55,212,106.63448,-105.36551666259766,0.5,0.57000000000005,Low
84,56,211,109.35811,-101.64189147949219,-7.599999999999454,0.2599999999999909,Low
84,57,210,105.5698,-104.4301986694336,1.8999999999996362,-0.12000000000000455,Low
84,58,209,103.41829,-105.58171081542969,7.449999999999818,0.39999999999997726,Low
84,59,208,108.08002,-99.91998291015625,-1.6499999999996362,0.09000000000003183,Low
84,60,207,105.03154,-101.96846008300781,-4.600000000000364,-0.3100000000000591,Low
84,61,206,104.416855,-101.58314514160156,4.740000000000691,0.029999999999972715,Low
84,62,205,106.21656,-98.78343963623047,-3.380000000000109,0.04000000000007731,Low
84,63,204,109.777435,-94.22256469726562,-0.3900000000003274,0.03999999999996362,Low
84,64,203,109.07838,-93.92162322998047,-1.8699999999998909,0.01999999999998181,Low
84,65,202,111.0202,-90.97979736328125,7.609999999999673,0.06000000000005912,Low
84,66,201,108.85096,-92.14904022216797,-1.3799999999991996,-0.32000000000005,Low
84,67,200,106.125305,-93.87469482421875,-7.0600000000004,0.4900000000000091,Low
84,68,199,108.16923,-90.83077239990234,0.75,-0.4600000000000364,Low
84,69,198,100.43166,-97.5683364868164,5.119999999999891,0.12000000000000455,Low
84,70,197,110.26719,-86.7328109741211,-0.7799999999997453,0.34000000000003183,Low
84,71,196,106.13553,-89.86447143554688,-3.069999999999709,-0.08000000000004093,Low
84,72,195,106.10623,-88.89376831054688,-3.5600000000004,-0.7300000000000182,Low
84,73,194,109.53026,-84.46974182128906,9.479999999999563,0.9200000000000728,Low
84,74,193,108.76488,-84.23512268066406,-2.0399999999999636,-0.36000000000001364,Low
84,75,192,105.23193,-86.76806640625,-1.4899999999997817,-0.2300000000000182,Low
84,76,191,104.596756,-86.40324401855469,0.47000000000025466,-0.11000000000001364,Low
84,77,190,111.781166,-78.21883392333984,3.930000000000291,-0.06999999999993634,Low
84,78,189,105.059586,-83.94041442871094,-3.990000000000691,0.01999999999998181,Low
84,79,188,107.38739,-80.61260986328125,0.28000000000065484,0.8199999999999363,Low
84,80,187,100.41964,-86.58036041259766,1.5299999999997453,-0.5899999999999181,Low
84,81,186,100.08204,-85.91796112060547,-6.430000000000291,-0.2900000000000773,Low
84,82,185,118.22765,-66.77234649658203,2.3100000000004,0.2400000000000091,Low
84,83,184,109.18202,-74.81797790527344,10.5,-0.06999999999993634,Low
84,84,183,109.700745,-73.29925537109375,-5.3400000000001455,0.11000000000001364,Low
84,85,182,100.41391,-81.58609008789062,-3.2100000000000364,0.12000000000000455,Low
84,86,181,105.96507,-75.03492736816406,5.130000000000109,-0.25,Low
84,87,180,97.52938,-82.47061920166016,-2.8900000000003274,0.049999999999954525,Low
84,88,179,102.16451,-76.83548736572266,3.9600000000000364,-0.17999999999994998,Low
84,89,178,91.03074,-86.9692611694336,-4.75,0.16999999999995907,Low
84,90,177,95.95945,-81.0405502319336,1.550000000000182,0.4600000000000364,Low
84,91,176,103.08468,-72.91532135009766,0.42000000000007276,-0.2400000000000091,Low
84,92,175,97.574905,-77.42509460449219,-1.6099999999996726,-0.19000000000005457,Low
84,93,174,99.62775,-74.37225341796875,-0.010000000000218279,0.37000000000000455,Low
84,94,173,102.10765,-70.89234924316406,-4.760000000000218,-0.4600000000000364,Low
84,95,172,96.83923,-75.1607666015625,7.470000000000255,0.18000000000006366,Low
84,96,171,96.039474,-74.96052551269531,-2.6900000000005093,-0.12000000000000455,Low
84,97,170,96.49274,-73.50726318359375,-2.2299999999995634,0.5,Low
84,98,169,99.7089,-69.29109954833984,5.869999999999891,0.17999999999994998,Low
84,99,168,100.65992,-67.34008026123047,-6.430000000000291,-0.7699999999999818,Low
84,100,167,108.51008,-58.48992156982422,2.5700000000006185,0.19000000000005457,Low
84,101,166,108.05567,-57.94432830810547,-1.8100000000004002,0.42999999999995,Low
84,102,165,109.83593,-55.16407012939453,4.6599999999998545,-0.05999999999994543,Low
84,103,164,109.79723,-54.20276641845703,1.1599999999998545,-0.5200000000000955,Low
84,104,163,83.04193,-79.95806884765625,-1.5999999999994543,0.7900000000000773,Low
84,105,162,92.733444,-69.26655578613281,-2.3100000000004,-0.5199999999999818,Low
84,106,161,91.22805,-69.7719497680664,4.079999999999927,-0.19000000000005457,Low
84,107,160,102.1015,-57.89849853515625,-4.420000000000073,-0.39999999999997726,Low
84,108,159,105.7081,-53.291900634765625,-0.6300000000001091,0.37000000000000455,Low
84,109,158,104.23791,-53.76209259033203,-1.089999999999236,0.13999999999998636,Low
84,110,157,104.058014,-52.941986083984375,-1.2800000000006548,0.16999999999995907,Low
84,111,156,99.75682,-56.24317932128906,6.270000000000437,0.32000000000005,Low
84,112,155,99.32711,-55.672889709472656,-7.75,-0.7200000000000273,Low
84,113,154,96.21547,-57.78453063964844,5.559999999999491,0.7200000000000273,Low
84,114,153,101.6212,-51.37879943847656,-9.899999999999636,-0.6800000000000637,Low
84,115,152,97.151115,-54.84888458251953,6.5600000000004,-0.10999999999989996,Low
84,116,151,90.42241,-60.57759094238281,7.449999999999818,0.8899999999999864,Low
84,117,150,93.92103,-56.07897186279297,-3.2600000000002183,-0.6499999999999773,Low
84,118,149,92.97252,-56.02748107910156,-2.3400000000001455,0.0,Low
84,119,148,86.38626,-61.613739013671875,9.460000000000036,-0.12000000000000455,Low
84,120,147,63.018276,-83.98172378540039,-11.149999999999636,0.15999999999996817,Medium
84,121,146,69.45719,-76.54280853271484,2.869999999999891,0.42999999999995,Medium
84,122,145,89.39566,-55.604339599609375,0.5599999999994907,-0.7899999999999636,Low
84,123,144,86.91659,-57.083412170410156,1.1200000000008004,-0.08000000000004093,Low
84,124,143,87.58874,-55.41126251220703,-3.0900000000001455,0.6399999999999864,Low
84,125,142,91.66939,-50.33061218261719,3.319999999999709,-0.049999999999954525,Low
84,126,141,80.34548,-60.654518127441406,-2.4899999999997817,-0.16999999999995907,Low
84,127,140,74.68552,-65.31448364257812,-1.699999999999818,0.18999999999994088,Medium
84,128,139,81.04154,-57.958457946777344,4.319999999999709,-0.35000000000002274,Low
84,129,138,94.040184,-43.959815979003906,-8.970000000000255,-0.33999999999991815,Low
84,130,137,86.53052,-50.469482421875,6.180000000000291,0.18999999999994088,Low
84,131,136,87.31308,-48.686920166015625,-2.369999999999891,-0.06999999999993634,Low
84,132,135,82.90464,-52.095359802246094,4.829999999999927,0.37999999999999545,Low
84,133,134,90.706635,-43.293365478515625,-3.730000000000473,-0.06000000000005912,Low
84,134,133,90.408714,-42.591285705566406,1.9000000000005457,-0.05999999999994543,Low
84,135,132,83.46281,-48.537193298339844,5.969999999999345,0.2799999999999727,Low
84,136,131,87.86145,-43.1385498046875,-1.139999999999418,0.6899999999999409,Low
84,137,130,85.35574,-44.644256591796875,-5.210000000000036,-0.8599999999999,Low
84,138,129,79.188675,-49.81132507324219,3.4099999999998545,0.599999999999909,Medium
84,139,128,79.936584,-48.06341552734375,-5.079999999999927,-0.5399999999999636,Medium
84,140,127,95.641045,-31.35895538330078,3.9099999999998545,-0.42999999999995,Low
84,141,126,87.95276,-38.0472412109375,-0.6499999999996362,0.6200000000000045,Low
84,142,125,92.8629,-32.13710021972656,5.960000000000036,-0.05000000000006821,Low
84,143,124,95.73449,-28.26551055908203,-3.7700000000004366,-0.18999999999994088,Low
84,144,123,94.687386,-28.31261444091797,1.6199999999998909,1.0599999999999454,Low
84,145,122,91.95707,-30.042930603027344,-2.8599999999996726,-0.8199999999999363,Low
84,146,121,91.54145,-29.45854949951172,-4.670000000000073,-0.19000000000005457,Low
84,147,120,91.00518,-28.99481964111328,3.449999999999818,0.14999999999997726,Low
84,148,119,98.43,-20.56999969482422,-0.07999999999992724,-0.17999999999994998,Low
84,149,118,98.886696,-19.113304138183594,3.449999999999818,0.10000000000002274,Low
84,150,117,90.13047,-26.869529724121094,-7.149999999999636,0.1999999999999318,Low
84,151,116,77.276146,-38.723854064941406,4.119999999999891,-0.06999999999993634,Medium
84,152,115,78.078026,-36.921974182128906,-4.069999999999709,-0.4700000000000273,Medium
84,153,114,63.016335,-50.983665466308594,3.7299999999995634,-0.19000000000005457,Medium
84,154,113,61.87347,-51.126529693603516,-3.6899999999996,0.7400000000000091,Medium
84,155,112,56.75536,-55.2446403503418,9.539999999999964,0.16000000000008185,Medium
84,156,111,57.670307,-53.32969284057617,-1.8500000000003638,-0.18000000000006366,Medium
84,157,110,50.088276,-59.91172409057617,-2.2399999999997817,-0.18999999999994088,Medium
84,158,109,52.22326,-56.77674102783203,-5.989999999999782,-0.11000000000001364,Medium
84,159,108,46.730515,-61.26948547363281,10.219999999999345,0.6499999999999773,Medium
84,160,107,58.84521,-48.154788970947266,-4.619999999999891,-0.36000000000001364,Medium
84,161,106,55.99357,-50.006431579589844,3.5799999999999272,-0.4500000000000455,Medium
84,162,105,64.05506,-40.94493865966797,-3.219999999999345,0.04000000000007731,Medium
84,163,104,53.8785,-50.121498107910156,-4.8200000000006185,0.12000000000000455,Medium
84,164,103,63.25034,-39.74966049194336,7.360000000000582,-0.43000000000006366,Medium
84,165,102,53.194626,-48.80537414550781,-3.360000000000582,0.6200000000000045,Medium
84,166,101,56.08633,-44.91366958618164,4.100000000000364,0.08000000000004093,Medium
84,167,100,56.27882,-43.7211799621582,-5.819999999999709,-0.20000000000004547,Medium
84,168,99,59.17759,-39.822410583496094,4.619999999999891,0.3300000000000409,Medium
84,169,98,65.06723,-32.932769775390625,0.7699999999995271,-0.20000000000004547,Medium
84,170,97,59.65706,-37.34294128417969,-1.6899999999995998,0.05000000000006821,Medium
84,171,96,64.67324,-31.326759338378906,-4.630000000000109,0.07999999999992724,Medium
84,172,95,55.175423,-39.82457733154297,5.9099999999998545,-0.6699999999999591,Medium
84,173,94,64.98538,-29.014617919921875,1.4600000000000364,0.2400000000000091,Medium
84,174,93,55.068428,-37.93157196044922,0.5299999999997453,0.049999999999954525,Medium
84,175,92,52.404118,-39.595882415771484,-4.799999999999272,0.04000000000007731,Medium
84,176,91,44.853115,-46.14688491821289,4.549999999999272,0.2999999999999545,Medium
84,177,90,56.53582,-33.46417999267578,-3.0499999999992724,0.2599999999999909,Medium
84,178,89,58.436108,-30.563892364501953,-3.5,-0.4800000000000182,Medium
84,179,88,48.54744,-39.45256042480469,8.089999999999236,0.4500000000000455,Medium
84,180,87,50.15067,-36.84933090209961,-4.849999999999454,-0.34000000000003183,Medium
84,181,86,55.559555,-30.440444946289062,-5.420000000000073,-0.40999999999996817,Medium
84,182,85,57.51696,-27.48303985595703,-1.4200000000000728,0.6000000000000227,Medium
84,183,84,61.794785,-22.205215454101562,10.079999999999927,-0.5900000000000318,Medium
84,184,83,56.540367,-26.459632873535156,-0.5100000000002183,0.4900000000000091,Medium
84,185,82,45.00853,-36.99147033691406,-2.9399999999996,-0.03999999999996362,Medium
84,186,81,50.085815,-30.9141845703125,-0.43000000000029104,-0.19000000000005457,Medium
84,187,80,55.370255,-24.629745483398438,5.279999999999745,0.049999999999954525,Medium
84,188,79,48.370476,-30.62952423095703,5.289999999999964,0.6200000000000045,Medium
84,189,78,51.106243,-26.893756866455078,-5.25,-0.4399999999999409,Medium
84,190,77,56.36441,-20.635589599609375,-0.2999999999992724,-0.2599999999999909,Medium
84,191,76,63.451862,-12.548137664794922,0.3999999999996362,-0.2400000000000091,Medium
84,192,75,63.751255,-11.24874496459961,-4.269999999999527,0.4800000000000182,Medium
84,193,74,61.906013,-12.093986511230469,1.6899999999995998,-0.2300000000000182,Medium
84,194,73,59.302765,-13.697235107421875,0.13000000000010914,0.2799999999999727,Medium
84,195,72,54.811176,-17.188823699951172,-5.860000000000582,0.19000000000005457,Medium
84,196,71,45.701912,-25.29808807373047,4.25,-0.3100000000000591,Medium
84,197,70,44.860924,-25.139076232910156,1.0700000000006185,0.5500000000000682,Medium
84,198,69,47.760548,-21.239452362060547,-2.480000000000473,-0.7300000000000182,Medium
84,199,68,44.332558,-23.667442321777344,5.900000000000546,0.35000000000002274,Medium
84,200,67,43.09763,-23.90237045288086,-0.5399999999999636,0.06999999999993634,Medium
84,201,66,39.841824,-26.15817642211914,-0.17000000000007276,-0.06999999999993634,Medium
84,202,65,40.428932,-24.571067810058594,-2.7700000000004366,-0.5,Medium
84,203,64,42.39885,-21.601150512695312,9.86999999999989,0.7299999999999045,Medium
84,204,63,39.04703,-23.95296859741211,-8.509999999999309,0.2900000000000773,Medium
84,205,62,40.659767,-21.340232849121094,-1.0300000000006548,-0.6299999999999955,Medium
84,206,61,40.84959,-20.150409698486328,-6.9399999999996,0.37000000000000455,Medium
84,207,60,42.66353,-17.336471557617188,2.5100000000002183,-0.37999999999999545,Medium
84,208,59,40.302517,-18.69748306274414,2.769999999999527,-0.08000000000004093,Medium
84,209,58,39.4504,-18.549598693847656,-0.02999999999974534,0.25,Medium
84,210,57,29.46533,-27.534669876098633,-0.7200000000002547,0.34000000000003183,High
84,211,56,29.758484,-26.24151611328125,4.380000000000109,-0.6900000000000546,High
84,212,55,29.843716,-25.15628433227539,-1.6199999999998909,0.5,High
84,213,54,30.802837,-23.197162628173828,4.260000000000218,-0.09000000000003183,Medium
84,214,53,31.224623,-21.77537727355957,-6.970000000000255,-0.01999999999998181,Medium
84,215,52,29.642136,-22.357864379882812,7.829999999999927,-0.049999999999954525,High
84,216,51,31.681856,-19.318143844604492,-1.569999999999709,0.01999999999998181,Medium
84,217,50,29.626503,-20.373497009277344,4.009999999999309,-0.2400000000000091,High
84,218,49,27.637737,-21.362262725830078,4.290000000000873,0.029999999999972715,High
84,219,48,29.077114,-18.92288589477539,-11.94000000000051,0.020000000000095497,High
84,220,47,30.278559,-16.7214412689209,2.4200000000000728,0.4699999999999136,Medium
84,221,46,31.718098,-14.281902313232422,-4.140000000000327,-0.05999999999994543,Medium
84,222,45,29.420713,-15.579286575317383,5.539999999999964,0.2799999999999727,High
84,223,44,30.18935,-13.810649871826172,-3.759999999999309,-0.21000000000003638,Medium
84,224,43,30.01178,-12.98822021484375,0.31999999999970896,-0.7099999999999227,Medium
84,225,42,31.222652,-10.777347564697266,4.359999999999673,0.15999999999996817,Medium
84,226,41,27.155022,-13.844978332519531,0.7600000000002183,0.38999999999998636,High
84,227,40,27.692923,-12.307077407836914,-2.7799999999997453,0.06000000000005912,High
84,228,39,31.589106,-7.410894393920898,-0.4499999999998181,-0.82000000000005,Medium
84,229,38,31.634504,-6.365495681762695,-1.1200000000008004,0.8500000000000227,Medium
84,230,37,29.880424,-7.119575500488281,0.5800000000008367,-0.21000000000003638,High
84,231,36,27.448387,-8.551612854003906,4.519999999999527,0.9400000000000546,High
84,232,35,23.265612,-11.73438835144043,-0.4600000000000364,-1.0300000000000864,High
84,233,34,27.316267,-6.683732986450195,-1.8900000000003274,-0.30999999999994543,High
84,234,33,25.269678,-7.730321884155273,4.5900000000001455,0.4399999999999409,High
84,235,32,22.980982,-9.019018173217773,-10.819999999999709,0.35000000000002274,High
84,236,31,22.920876,-8.079124450683594,10.409999999999854,-0.08999999999991815,High
84,237,30,21.438835,-8.561164855957031,2.680000000000291,-0.08000000000004093,High
84,238,29,19.249828,-9.750171661376953,-0.8500000000003638,-0.029999999999972715,High
84,239,28,17.195145,-10.804855346679688,-2.7899999999999636,-0.37999999999999545,High
84,240,27,21.765402,-5.234598159790039,-4.710000000000036,0.4399999999999409,High
84,241,26,17.822569,-8.177431106567383,3.6700000000000728,-0.2699999999999818,High
84,242,25,18.615671,-6.384328842163086,2.350000000000364,0.01999999999998181,High
84,243,24,14.920378,-9.079622268676758,-4.369999999999891,0.22000000000002728,High
84,244,23,12.184068,-10.815932273864746,4.6799999999993815,0.21000000000003638,High
84,245,22,14.90251,-7.097490310668945,-2.9200000000000728,0.2299999999999045,High
84,246,21,15.200841,-5.799159049987793,4.730000000000473,-0.6599999999999682,High
84,247,20,14.4289875,-5.571012496948242,0.5900000000001455,0.5099999999999909,High
84,248,19,16.377417,-2.6225833892822266,-2.610000000000582,0.10000000000002274,High
84,249,18,11.124955,-6.875044822692871,8.490000000000691,-0.4600000000000364,High
84,250,17,12.887144,-4.112855911254883,-8.910000000000764,-0.01999999999998181,High
84,251,16,13.606073,-2.3939266204833984,0.8800000000001091,0.3300000000000409,High
84,252,15,9.726743,-5.273257255554199,0.5300000000006548,-0.2900000000000773,High
84,253,14,10.811013,-3.1889867782592773,0.06999999999970896,0.18000000000006366,High
84,254,13,14.8811655,1.8811655044555664,0.8699999999998909,-0.2599999999999909,High
84,255,12,14.487472,2.487471580505371,3.569999999999709,0.2599999999999909,High
84,256,11,10.57928,-0.42072010040283203,-3.1599999999998545,-0.25,High
84,257,10,10.463036,0.46303558349609375,-0.1499999999996362,0.2999999999999545,High
84,258,9,11.574985,2.574984550476074,-2.050000000000182,0.8000000000000682,High
84,259,8,10.626478,2.6264781951904297,2.4899999999997817,-1.2200000000000273,High
84,260,7,6.681331,-0.31866884231567383,4.5600000000004,1.0499999999999545,High
84,261,6,6.758389,0.7583889961242676,2.5799999999999272,-0.17999999999994998,High
84,262,5,7.3525434,2.352543354034424,-6.970000000000255,-0.9600000000000364,High
84,263,4,6.9329505,2.932950496673584,4.210000000000036,0.6600000000000819,High
84,264,3,6.353576,3.353576183319092,-3.0,-0.35000000000002274,High
84,265,2,5.6321206,3.6321206092834473,-0.10999999999967258,0.5299999999999727,High
84,266,1,5.657891,4.657890796661377,-2.5399999999999636,-0.6699999999999591,High
84,267,0,4.394525,4.394525051116943,3.4399999999996,0.4799999999999045,High
91,1,134,107.184654,-26.815345764160156,0.0,0.0,Low
91,2,133,105.92109,-27.07891082763672,-3.1700000000000728,-0.6699999999999591,Low
91,3,132,98.323814,-33.676185607910156,3.0399999999999636,-0.12999999999999545,Low
91,4,131,101.30149,-29.698509216308594,-6.829999999999927,0.6699999999999591,Low
91,5,130,96.768326,-33.23167419433594,4.8400000000001455,-0.25,Low
91,6,129,94.485405,-34.51459503173828,-1.230000000000473,-0.10000000000002274,Low
91,7,128,94.16888,-33.83112335205078,3.0799999999999272,0.07000000000005002,Low
91,8,127,99.39893,-27.60106658935547,-0.7599999999993088,-0.17999999999994998,Low
91,9,126,102.33018,-23.669822692871094,-2.050000000000182,0.4699999999999136,Low
91,10,125,103.76578,-21.234222412109375,3.880000000000109,-0.5299999999999727,Low
91,11,124,109.82902,-14.170982360839844,-5.800000000000182,0.2599999999999909,Low
91,12,123,105.37592,-17.62407684326172,3.1099999999996726,-0.22000000000002728,Low
91,13,122,106.76821,-15.231788635253906,1.5,0.009999999999990905,Low
91,14,121,99.47855,-21.521446228027344,4.030000000000655,0.020000000000095497,Low
91,15,120,99.51873,-20.48126983642578,-11.8100000000004,-0.7800000000000864,Low
91,16,119,98.62845,-20.371551513671875,14.100000000000364,0.12999999999999545,Low
91,17,118,103.89581,-14.10418701171875,-4.950000000000728,1.07000000000005,Low
91,18,117,101.145164,-15.854835510253906,0.42000000000007276,-0.44000000000005457,Low
91,19,116,100.77681,-15.223190307617188,-4.809999999999491,0.15000000000009095,Low
91,20,115,96.918724,-18.081275939941406,4.829999999999927,-0.22000000000002728,Low
91,21,114,99.82514,-14.174858093261719,-1.319999999999709,-0.3300000000000409,Low
91,22,113,97.25973,-15.740272521972656,-0.8299999999999272,-0.12999999999999545,Low
91,23,112,94.702705,-17.29729461669922,6.809999999999491,0.7599999999999909,Low
91,24,111,95.33306,-15.666938781738281,-3.9099999999998545,0.2800000000000864,Low
91,25,110,98.699776,-11.300224304199219,-1.2899999999999636,-0.5200000000000955,Low
91,26,109,81.86352,-27.13648223876953,-1.5799999999999272,-0.5299999999999727,Low
91,27,108,90.70976,-17.290237426757812,0.06999999999970896,0.7400000000000091,Low
91,28,107,96.65419,-10.345809936523438,-4.140000000000327,-0.8400000000000318,Low
91,29,106,102.90348,-3.0965194702148438,6.850000000000364,0.6399999999999864,Low
91,30,105,96.99049,-8.009506225585938,-4.010000000000218,-0.03999999999996362,Low
91,31,104,90.94098,-13.05902099609375,2.050000000000182,0.37000000000000455,Low
91,32,103,88.892715,-14.107284545898438,-4.6899999999996,-0.4600000000000364,Low
91,33,102,79.17769,-22.822311401367188,7.319999999999709,0.3000000000000682,Medium
91,34,101,92.04053,-8.95947265625,-4.6899999999996,-0.12999999999999545,Low
91,35,100,88.88527,-11.114730834960938,1.3099999999994907,0.01999999999998181,Low
91,36,99,86.448296,-12.551704406738281,-4.269999999999527,-0.2300000000000182,Low
91,37,98,81.77788,-16.222122192382812,4.1599999999998545,-0.18999999999994088,Low
91,38,97,87.098946,-9.901054382324219,1.9899999999997817,-0.030000000000086402,Low
91,39,96,91.2057,-4.7942962646484375,-3.199999999999818,0.22000000000002728,Low
91,40,95,101.7619,6.76190185546875,-2.630000000000109,0.01999999999998181,Low
91,41,94,92.74148,-1.2585220336914062,7.869999999999891,0.01999999999998181,Low
91,42,93,85.32436,-7.675636291503906,-3.149999999999636,0.7700000000000955,Low
91,43,92,80.119865,-11.880134582519531,-2.119999999999891,-0.8400000000000318,Low
91,44,91,83.2663,-7.73370361328125,2.8499999999994543,0.30999999999994543,Low
91,45,90,73.53273,-16.467269897460938,0.10999999999967258,0.15000000000009095,Medium
91,46,89,82.541214,-6.4587860107421875,3.2200000000002547,-0.20000000000004547,Low
91,47,88,78.59256,-9.407440185546875,-3.639999999999418,0.17999999999994998,Medium
91,48,87,76.20649,-10.793510437011719,-3.8400000000001455,0.11000000000001364,Medium
91,49,86,77.12833,-8.871673583984375,4.889999999999418,-0.7899999999999636,Medium
91,50,85,78.91291,-6.087089538574219,-2.5399999999999636,0.7400000000000091,Medium
91,51,84,79.31267,-4.6873321533203125,-0.25,0.029999999999972715,Medium
91,52,83,86.75792,3.7579193115234375,-0.8999999999996362,-0.37000000000000455,Low
91,53,82,77.50284,-4.497161865234375,-0.9600000000000364,0.06000000000005912,Medium
91,54,81,65.54114,-15.4588623046875,4.100000000000364,0.2699999999999818,Medium
91,55,80,68.12001,-11.879989624023438,-3.7200000000002547,-0.8000000000000682,Medium
91,56,79,62.716568,-16.283432006835938,-4.170000000000073,0.4800000000000182,Medium
91,57,78,65.862564,-12.137435913085938,8.920000000000073,0.43000000000006366,Medium
91,58,77,62.698853,-14.3011474609375,-3.380000000000109,-0.8600000000000136,Medium
91,59,76,64.963005,-11.036994934082031,-0.680000000000291,0.8700000000000045,Medium
91,60,75,60.01255,-14.987449645996094,-1.1599999999998545,-0.5500000000000682,Medium
91,61,74,54.79668,-19.203319549560547,-5.529999999999745,0.25,Medium
91,62,73,58.434994,-14.565006256103516,5.349999999999454,0.17000000000007276,Medium
91,63,72,53.783817,-18.216182708740234,-3.339999999999236,-0.5199999999999818,Medium
91,64,71,53.47776,-17.522239685058594,5.319999999999709,0.7899999999999636,Medium
91,65,70,55.249577,-14.750423431396484,0.4499999999998181,-0.6200000000000045,Medium
91,66,69,57.888584,-11.11141586303711,-2.5599999999994907,0.20000000000004547,Medium
91,67,68,61.591682,-6.408317565917969,4.579999999999927,0.009999999999990905,Medium
91,68,67,54.62473,-12.37527084350586,-0.14000000000032742,0.4699999999999136,Medium
91,69,66,57.059105,-8.940895080566406,-5.699999999999818,-0.5299999999999727,Medium
91,70,65,59.153873,-5.846126556396484,-3.3100000000004,-0.37999999999999545,Medium
91,71,64,55.814426,-8.18557357788086,1.0799999999999272,0.2699999999999818,Medium
91,72,63,54.660507,-8.339492797851562,2.9500000000007276,0.57000000000005,Medium
91,73,62,56.643692,-5.3563079833984375,3.9199999999991633,-0.14999999999997726,Medium
91,74,61,55.82363,-5.176368713378906,-5.639999999999418,-0.07000000000005002,Medium
91,75,60,61.971348,1.9713478088378906,1.519999999999527,-0.08000000000004093,Medium
91,76,59,57.0282,-1.9718017578125,6.4099999999998545,0.07000000000005002,Medium
91,77,58,48.61809,-9.381908416748047,-0.25,-0.029999999999972715,Medium
91,78,57,48.682865,-8.317134857177734,-6.139999999999418,0.08999999999991815,Medium
91,79,56,43.77059,-12.229408264160156,-4.369999999999891,0.21000000000003638,Medium
91,80,55,38.59457,-16.40542984008789,1.6099999999996726,-0.6599999999999682,Medium
91,81,54,39.151978,-14.8480224609375,2.880000000000109,-0.2400000000000091,Medium
91,82,53,40.469807,-12.530193328857422,-2.5799999999999272,0.6699999999999591,Medium
91,83,52,39.80025,-12.199748992919922,1.430000000000291,-0.2300000000000182,Medium
91,84,51,38.58139,-12.418609619140625,1.069999999999709,-0.37999999999999545,Medium
91,85,50,33.43619,-16.56380844116211,0.21000000000003638,0.7800000000000864,Medium
91,86,49,34.758717,-14.241283416748047,-3.6500000000005457,-1.0400000000000773,Medium
91,87,48,39.089493,-8.910507202148438,5.690000000000509,1.32000000000005,Medium
91,88,47,41.734913,-5.265087127685547,-8.8100000000004,-0.6100000000000136,Medium
91,89,46,40.462475,-5.537525177001953,4.690000000000509,0.30999999999994543,Medium
91,90,45,39.65359,-5.346408843994141,5.880000000000109,-0.4699999999999136,Medium
91,91,44,41.431625,-2.5683746337890625,-4.270000000000437,0.4599999999999227,Medium
91,92,43,37.741432,-5.258567810058594,-2.1599999999998545,-0.6899999999999409,Medium
91,93,42,40.823574,-1.1764259338378906,5.649999999999636,-0.13999999999998636,Medium
91,94,41,40.045242,-0.9547576904296875,-2.699999999999818,0.6000000000000227,Medium
91,95,40,32.47738,-7.522621154785156,1.9899999999997817,0.37000000000000455,Medium
91,96,39,39.54697,0.5469703674316406,-6.729999999999563,-0.7000000000000455,Medium
91,97,38,41.210922,3.2109222412109375,7.460000000000036,0.6100000000000136,Medium
91,98,37,40.25294,3.252941131591797,-0.9000000000005457,-0.07000000000005002,Medium
91,99,36,38.85193,2.8519287109375,-6.089999999999236,-0.009999999999990905,Medium
91,100,35,37.764156,2.7641563415527344,2.1099999999996726,-0.12000000000000455,Medium
91,101,34,38.46881,4.46881103515625,2.380000000000109,-0.049999999999954525,Medium
91,102,33,36.6672,3.6671981811523438,-5.6599999999998545,-0.3000000000000682,Medium
91,103,32,33.219795,1.2197952270507812,-4.460000000000036,0.7400000000000091,Medium
91,104,31,28.692661,-2.3073387145996094,9.420000000000073,-0.4499999999999318,High
91,105,30,34.07219,4.0721893310546875,2.9399999999996,0.5399999999999636,Medium
91,106,29,30.025013,1.0250129699707031,-1.6899999999995998,-0.5599999999999454,Medium
91,107,28,29.533426,1.533426284790039,-4.360000000000582,0.2699999999999818,High
91,108,27,28.730692,1.730691909790039,2.7200000000002547,-0.5500000000000682,High
91,109,26,27.712524,1.7125244140625,-4.760000000000218,0.5500000000000682,High
91,110,25,26.363132,1.3631324768066406,1.0600000000004002,-0.13999999999998636,High
91,111,24,25.837217,1.8372173309326172,0.03999999999996362,-0.2700000000000955,High
91,112,23,22.80235,-0.19765090942382812,-1.050000000000182,0.19000000000005457,High
91,113,22,19.18507,-2.814929962158203,-1.8800000000001091,0.6100000000000136,High
91,114,21,21.802746,0.8027458190917969,4.1599999999998545,-0.09000000000003183,High
91,115,20,22.87318,2.873180389404297,-2.9399999999996,-0.4600000000000364,High
91,116,19,22.03187,3.031869888305664,3.4799999999995634,0.21000000000003638,High
91,117,18,20.311108,2.311107635498047,-1.8099999999994907,-0.4199999999999591,High
91,118,17,19.414116,2.4141159057617188,1.0799999999999272,1.1399999999999864,High
91,119,16,17.727415,1.7274150848388672,-8.19000000000051,-0.2300000000000182,High
91,120,15,18.040154,3.0401535034179688,8.610000000000582,-0.8300000000000409,High
91,121,14,18.979837,4.979837417602539,-1.6599999999998545,0.7100000000000364,High
91,122,13,17.348392,4.348392486572266,-2.480000000000473,-0.14999999999997726,High
91,123,12,17.575016,5.575016021728516,-1.8599999999996726,0.18999999999994088,High
91,124,11,13.909509,2.90950870513916,0.1999999999998181,-0.4199999999999591,High
91,125,10,12.984964,2.984964370727539,0.5500000000001819,0.11000000000001364,High
91,126,9,8.1489,-0.851099967956543,-4.610000000000582,0.13999999999998636,High
91,127,8,7.802753,-0.19724702835083008,6.290000000000873,-0.07000000000005002,High
91,128,7,7.856252,0.8562521934509277,-3.9600000000000364,0.14000000000010004,High
91,129,6,6.307595,0.30759477615356445,-2.6700000000000728,-0.21000000000003638,High
91,130,5,7.5058007,2.505800724029541,5.539999999999964,-0.07000000000005002,High
91,131,4,7.45826,3.4582600593566895,-3.3200000000006185,-0.4399999999999409,High
91,132,3,6.4325356,3.4325356483459473,1.0700000000006185,0.92999999999995,High
91,133,2,5.7124586,3.712458610534668,-0.5700000000006185,0.3100000000000591,High
91,134,1,5.257105,4.257104873657227,-1.0999999999994543,-0.5199999999999818,High
91,135,0,5.0152283,5.015228271484375,-3.5700000000006185,0.33999999999991815,High
